TUP1;YAL064W
TUP1;FLO9
TUP1;PHO3
TUP1;PHO5
TUP1;TEF2
TUP1;AMN1
TUP1;RPS6B
TUP1;SMP1
TUP1;YBR238C
TUP1;THI2
TUP1;AGP1
TUP1;YDL228C
TUP1;HO
TUP1;VMA1
TUP1;BSC1
TUP1;GPD1
TUP1;GAL3
TUP1;RSM10
TUP1;NRG1
TUP1;IPT1
TUP1;CCW22
TUP1;SND1
TUP1;YDR215C
TUP1;HSP78
TUP1;YAP6
TUP1;TFB1
TUP1;HXT7
TUP1;HXT6
TUP1;APT2
TUP1;UTP6
TUP1;PPN1
TUP1;GNP1
TUP1;API2
TUP1;PRB1
TUP1;GLY1
TUP1;YEL045C
TUP1;UTR2
TUP1;HYP2
TUP1;MIT1
TUP1;TIR1
TUP1;ARB1
TUP1;HIS1
TUP1;FCY2
TUP1;FTR1
TUP1;YER158C
TUP1;AQY3
TUP1;ZNF1
TUP1;YFL051C
TUP1;STE2
TUP1;FRS2
TUP1;GAT1
TUP1;MDJ1
TUP1;YFL015C
TUP1;HSP12
TUP1;RRT5
TUP1;HXK2
TUP1;RCK1
TUP1;RPS2
TUP1;RPL28
TUP1;SRM1
TUP1;OLE1
TUP1;RPL30
TUP1;PMA1
TUP1;SNU71
TUP1;TIM21
TUP1;CAX4
TUP1;KSS1
TUP1;BUD9
TUP1;FMP48
TUP1;ERG25
TUP1;RPL11B
TUP1;PIL1
TUP1;CLB1
TUP1;YGR139W
TUP1;SKN1
TUP1;RNR4
TUP1;YGR210C
TUP1;ZPR1
TUP1;RTA1
TUP1;MPC3
TUP1;SOL4
TUP1;IMA1
TUP1;RPL8A
TUP1;OCA5
TUP1;WSC4
TUP1;RIM101
TUP1;DUR3
TUP1;RPL14B
TUP1;ERG11
TUP1;RPL27A
TUP1;ERC1
TUP1;YHR033W
TUP1;FSH1
TUP1;TRM5
TUP1;PCL5
TUP1;HXT4
TUP1;YHR095W
TUP1;ARO9
TUP1;SPS100
TUP1;RPS4B
TUP1;YHR210C
TUP1;FLO5
TUP1;PHO12
TUP1;IMA3
TUP1;SUC2
TUP1;SIM1
TUP1;PRM5
TUP1;SGA1
TUP1;YIL055C
TUP1;SYG1
TUP1;GAT4
TUP1;YJL225C
TUP1;YJL218W
TUP1;REE1
TUP1;IMA5
TUP1;IME1
TUP1;RPS4A
TUP1;YJR146W
TUP1;HMS2
TUP1;YJR157W
TUP1;HXT16
TUP1;SOR1
TUP1;MTR2
TUP1;FAS1
TUP1;YKL097C
TUP1;CWP1
TUP1;MSN4
TUP1;FBA1
TUP1;MMO1
TUP1;PHD1
TUP1;YKR075C
TUP1;MTD1
TUP1;PTR2
TUP1;ESL2
TUP1;SIR1
TUP1;FLO10
TUP1;RPL8B
TUP1;TPO1
TUP1;PDC1
TUP1;STU2
TUP1;YLR076C
TUP1;AHP1
TUP1;CCW12
TUP1;HOG1
TUP1;RRN5
TUP1;YLR236C
TUP1;THI7
TUP1;RPS28B
TUP1;BOP2
TUP1;YLR279W
TUP1;RSO55
TUP1;YLR287C
TUP1;YLR296W
TUP1;ECM38
TUP1;EXG1
TUP1;YLR302C
TUP1;ACO1
TUP1;ATG39
TUP1;MID2
TUP1;FKS1
TUP1;YLR402W
TUP1;INA1
TUP1;RPS1A
TUP1;PAU4
TUP1;YML131W
TUP1;YML122C
TUP1;NAB6
TUP1;ATR1
TUP1;RPM2
TUP1;PLB2
TUP1;YMR007W
TUP1;HXT2
TUP1;SOK2
TUP1;SPO20
TUP1;YMR057C
TUP1;GAT2
TUP1;RPL13B
TUP1;MRPS17
TUP1;ICY1
TUP1;RPL20A
TUP1;ZRC1
TUP1;YMR265C
TUP1;PRM15
TUP1;FET4
TUP1;RPL16B
TUP1;RPL9B
TUP1;SUN4
TUP1;NCE103
TUP1;MNT4
TUP1;DSE4
TUP1;YNR071C
TUP1;HXT17
TUP1;MAN2
TUP1;ENB1
TUP1;IMA2
TUP1;HXT11
TUP1;GRE2
TUP1;TRM13
TUP1;DDR2
TUP1;RPS15
TUP1;TIR2
TUP1;STI1
TUP1;HMS1
TUP1;YOR050C
TUP1;YOR062C
TUP1;RPL3
TUP1;BAG7
TUP1;WTM2
TUP1;WTM1
TUP1;YOR268C
TUP1;FAA1
TUP1;TYE7
TUP1;PUT4
TUP1;ALD4
TUP1;GDH1
TUP1;YPL277C
TUP1;DIP5
TUP1;FAS2
TUP1;NAB3
TUP1;GUP2
TUP1;CUP9
TUP1;GIP3
TUP1;ISU1
TUP1;CAR1
TUP1;RMI1
TUP1;SWI1
TUP1;HAL1
TUP1;CMR3
TUP1;YPR015C
TUP1;GLN1
TUP1;YPR064W
TUP1;ROX1
TUP1;BDH2
TUP1;CYC3
TUP1;EFB1
TUP1;YAR028W
TUP1;YAT1
TUP1;YAR047C
TUP1;YAR060C
TUP1;RPS8A
TUP1;PRX1
TUP1;ECM13
TUP1;PRE7
TUP1;PET9
TUP1;FUS3
TUP1;NRG2
TUP1;TIP1
TUP1;TAT1
TUP1;ECM33
TUP1;UBC4
TUP1;RPL19A
TUP1;AAC3
TUP1;PRY1
TUP1;PRY3
TUP1;LYS20
TUP1;HXT12
REB1;PHO3
REB1;SPB1
REB1;RPO21
REB1;RPN6
REB1;BDF2
REB1;RPT2
REB1;YDR029W
REB1;TVP15
REB1;SAN1
REB1;HOM2
REB1;AHA1
REB1;TRP4
REB1;RVS167
REB1;API2
REB1;SNA2
REB1;GLY1
REB1;HYP2
REB1;SNU13
REB1;GCD11
REB1;HIS1
REB1;SWI4
REB1;GCG1
REB1;ACT1
REB1;BUD27
REB1;FRS2
REB1;HSP12
REB1;RET2
REB1;YIP4
REB1;RPS26A
REB1;ERG4
REB1;ENP2
REB1;YIP1
REB1;TYS1
REB1;SKI6
REB1;ZPR1
REB1;MPC3
REB1;PXR1
REB1;ZUO1
REB1;RPL8A
REB1;GOS1
REB1;NPR3
REB1;THR1
REB1;VMA16
REB1;CHS7
REB1;RPS4B
REB1;QDR2
REB1;HIS5
REB1;RPL2B
REB1;LYS1
REB1;RPS14B
REB1;GON7
REB1;HSP150
REB1;CIS3
REB1;PRM10
REB1;PRE3
REB1;ANB1
REB1;ARP3
REB1;LOT5
REB1;LTV1
REB1;SRX1
REB1;TEF4
REB1;SFK1
REB1;YKR011C
REB1;UTH1
REB1;NAP1
REB1;RIX7
REB1;SSA2
REB1;COX17
REB1;YLR162W
REB1;YLR171W
REB1;DPH5
REB1;ILV5
REB1;RSC2
REB1;SEC61
REB1;CSR1
REB1;MSC1
REB1;YAP1
REB1;BUD22
REB1;RPL13B
REB1;HSC82
REB1;ERG12
REB1;LCB1
REB1;PEX6
REB1;RPS19B
REB1;RPL18B
REB1;JJJ1
REB1;RPL9B
REB1;SIS1
REB1;YNR061C
REB1;SPE2
REB1;RPL3
REB1;BUD21
REB1;GCY1
REB1;RPB2
REB1;HES1
REB1;SRL1
REB1;CAF20
REB1;RRP36
REB1;SAR1
REB1;RPL7B
REB1;CAR1
REB1;ERG10
REB1;TKL1
REB1;MAK16
REB1;EFB1
REB1;HEK2
REB1;FMT1
REB1;HHT1
REB1;RPS11B
REB1;RPL19A
REB1;NUP192
REB1;YBR219C
TEC1;PHO5
TEC1;PBY1
TEC1;TKL2
TEC1;HSL7
TEC1;TBS1
TEC1;TOS1
TEC1;YBR209W
TEC1;PAU24
TEC1;FUS1
TEC1;CWH43
TEC1;TVS1
TEC1;FIG2
TEC1;ADH7
TEC1;AAD3
TEC1;PRR2
TEC1;MRX19
TEC1;PCL2
TEC1;KNH1
TEC1;STP4
TEC1;LYS14
TEC1;ENA1
TEC1;RSM10
TEC1;NRG1
TEC1;SED1
TEC1;MRX16
TEC1;STB3
TEC1;HSP42
TEC1;SCC2
TEC1;SND1
TEC1;YDR210W
TEC1;GCD6
TEC1;YDR249C
TEC1;PAM1
TEC1;EXG2
TEC1;YDR274C
TEC1;GIC2
TEC1;HIM1
TEC1;HXT7
TEC1;HXT6
TEC1;ESF1
TEC1;RGA2
TEC1;ECM11
TEC1;ADA2
TEC1;YHP1
TEC1;MFA1
TEC1;GNP1
TEC1;SPS2
TEC1;HLR1
TEC1;NPR2
TEC1;UTR2
TEC1;URA3
TEC1;MIT1
TEC1;VHR2
TEC1;PTP3
TEC1;FLO8
TEC1;SHO1
TEC1;YER137C
TEC1;YER138W-A
TEC1;FTR1
TEC1;PEA2
TEC1;SPI1
TEC1;BEM2
TEC1;YER158C
TEC1;TOG1
TEC1;PUG1
TEC1;YER189W
TEC1;EMP47
TEC1;RGD2
TEC1;HSP12
TEC1;HXK1
TEC1;HOS2
TEC1;IME4
TEC1;TOS3
TEC1;MPT5
TEC1;RAD54
TEC1;SUT1
TEC1;RCK1
TEC1;RRT6
TEC1;TIP20
TEC1;TOS8
TEC1;PYC1
TEC1;AGA2
TEC1;MSB2
TEC1;RPS25A
TEC1;MSP1
TEC1;GSC2
TEC1;YGR039W
TEC1;KSS1
TEC1;FMP48
TEC1;ERG25
TEC1;MEP1
TEC1;YGR122W
TEC1;RSR1
TEC1;YGR153W
TEC1;QCR9
TEC1;CRH1
TEC1;CRM1
TEC1;TOS2
TEC1;PET54
TEC1;BNS1
TEC1;PHO81
TEC1;YHB1
TEC1;MGA1
TEC1;PAU12
TEC1;YHL044W
TEC1;DUR3
TEC1;GPA1
TEC1;YHR033W
TEC1;STE12
TEC1;HXT4
TEC1;HXT5
TEC1;CHS7
TEC1;IMA3
TEC1;YIL141W
TEC1;AXL2
TEC1;SIM1
TEC1;RPI1
TEC1;PRM5
TEC1;BMT5
TEC1;PRK1
TEC1;BAR1
TEC1;MET28
TEC1;YAP5
TEC1;FLO11
TEC1;YIR020C
TEC1;DAL1
TEC1;DAL4
TEC1;DAL7
TEC1;IMA5
TEC1;HXT8
TEC1;CDC6
TEC1;SWE1
TEC1;MNN5
TEC1;CIS3
TEC1;SFH5
TEC1;MDV1
TEC1;SET4
TEC1;BNA1
TEC1;IME1
TEC1;RPL43B
TEC1;YMR1
TEC1;RSM7
TEC1;YJR115W
TEC1;RSF2
TEC1;BAT2
TEC1;PGU1
TEC1;MNN4
TEC1;PIR1
TEC1;PIR3
TEC1;APE2
TEC1;KTI12
TEC1;GFA1
TEC1;APE1
TEC1;HSL1
TEC1;YKL097C
TEC1;CWP1
TEC1;YJU2
TEC1;PHD1
TEC1;IXR1
TEC1;SFT1
TEC1;RPL14A
TEC1;YKR011C
TEC1;PRY2
TEC1;SPO14
TEC1;DAL80
TEC1;GAP1
TEC1;KTR2
TEC1;SRL3
TEC1;SIR1
TEC1;AQY2
TEC1;BPT1
TEC1;IZH3
TEC1;NFG1
TEC1;NRS1
TEC1;CCW12
TEC1;ADY4
TEC1;MET17
TEC1;MID2
TEC1;VPS38
TEC1;DUS3
TEC1;SFP1
TEC1;PUN1
TEC1;VPS36
TEC1;YLR446W
TEC1;FPR4
TEC1;YLR463C
TEC1;YLR465C
TEC1;YRF1-5
TEC1;RPM2
TEC1;VPS71
TEC1;SOK2
TEC1;SPO20
TEC1;MSN2
TEC1;ARG80
TEC1;FAR3
TEC1;KAR5
TEC1;ISF1
TEC1;VBA1
TEC1;MSS11
TEC1;DDR48
TEC1;ICY1
TEC1;CLN1
TEC1;FUS2
TEC1;RNA1
TEC1;CUS1
TEC1;HOR7
TEC1;YMR265C
TEC1;SCW10
TEC1;FKS3
TEC1;FET4
TEC1;YRF1-6
TEC1;YNL337W
TEC1;CLA4
TEC1;PCL1
TEC1;SEC21
TEC1;WSC2
TEC1;PRM1
TEC1;ZWF1
TEC1;YNL208W
TEC1;RHO5
TEC1;YGP1
TEC1;MFA2
TEC1;YNL144C
TEC1;FYV6
TEC1;KRE33
TEC1;NAF1
TEC1;RHO2
TEC1;POR1
TEC1;VAC7
TEC1;ARE2
TEC1;AGA1
TEC1;FRE4
TEC1;MSB4
TEC1;WSC3
TEC1;NDJ1
TEC1;PHM7
TEC1;IRA2
TEC1;ARG1
TEC1;SIL1
TEC1;CSI2
TEC1;DFG16
TEC1;HMS1
TEC1;RSB1
TEC1;TCB1
TEC1;YVC1
TEC1;RGS2
TEC1;RGA1
TEC1;GAC1
TEC1;PEX27
TEC1;SRL1
TEC1;MOD5
TEC1;BUD7
TEC1;RAX1
TEC1;SPS4
TEC1;SFG1
TEC1;FRT1
TEC1;YOR342C
TEC1;REV1
TEC1;PUT4
TEC1;CIN1
TEC1;THI21
TEC1;YPL257W
TEC1;OYE3
TEC1;DAP1
TEC1;SVS1
TEC1;MOT1
TEC1;RPS9A
TEC1;SKS1
TEC1;RMI1
TEC1;SWI1
TEC1;YPR002C-A
TEC1;CMR3
TEC1;YPR015C
TEC1;OPY2
TEC1;MEP3
TEC1;SUE1
TEC1;NCA2
TEC1;TPO3
TEC1;TDA6
TEC1;AQY1
TEC1;SGE1
TEC1;CDC24
TEC1;MYO4
TEC1;FRT2
TEC1;ADE1
TEC1;YBL107W-A
TEC1;YBL044W
TEC1;ECM13
TEC1;APL3
TEC1;YBL029W
TEC1;FUS3
TEC1;RRN6
TEC1;UTP20
TEC1;DSF2
TEC1;FUR4
TEC1;FIG1
TEC1;MUM2
TEC1;SLM4
TEC1;ECM33
TEC1;TEC1
TEC1;ALY2
TEC1;TAX4
TEC1;UBX6
TEC1;YDR098C-A
TEC1;YDR316W-A
TEC1;LYS20
TEC1;YER137C-A
TEC1;YAR010C
TEC1;YBR012W-A
TEC1;YBR012W-B
TEC1;YPR158W-B
RTG3;YMC2
RTG3;CIT2
RTG3;YCR006C
RTG3;ADY2
RTG3;HMRA2
RTG3;ADH7
RTG3;COX9
RTG3;IDP1
RTG3;ENA1
RTG3;SED1
RTG3;HSP42
RTG3;RNH202
RTG3;ATO3
RTG3;EFT2
RTG3;GNP1
RTG3;SMT3
RTG3;FIT1
RTG3;DLD3
RTG3;PRP22
RTG3;YAT2
RTG3;IES5
RTG3;ZRT1
RTG3;PYC1
RTG3;BTN2
RTG3;ARG4
RTG3;COX6
RTG3;RGI2
RTG3;YMR1
RTG3;BAT2
RTG3;FRE2
RTG3;URA1
RTG3;FOX2
RTG3;YKR040C
RTG3;MLO50
RTG3;CCW12
RTG3;PDR8
RTG3;BOP2
RTG3;ACO1
RTG3;ADH3
RTG3;SPG4
RTG3;FPY1
RTG3;YHM2
RTG3;HOR7
RTG3;YNL134C
RTG3;IDH1
RTG3;CIT1
RTG3;TIM23
RTG3;CRC1
RTG3;IDH2
RTG3;SRL1
RTG3;CPA1
RTG3;DIP5
RTG3;ISU1
RTG3;CIT3
RTG3;GLN1
RTG3;GDH3
RTG3;ACS1
RTG3;YAT1
RTG3;ACH1
RTG3;LYS20
RTG3;SPO24
ERT1;VID24
ERT1;IPT1
ERT1;GIS1
ERT1;MDJ1
ERT1;QCR6
ERT1;ASK1
ERT1;PHD1
ERT1;MAE1
ERT1;AQR1
ERT1;FAA1
ERT1;LGE1
PDR3;TEF2
PDR3;SNQ2
PDR3;IPT1
PDR3;PDR15
PDR3;YDR415C
PDR3;SYF1
PDR3;TLG1
PDR3;SDC1
PDR3;RPS8B
PDR3;PMA1
PDR3;CAX4
PDR3;TDH3
PDR3;SSZ1
PDR3;ENO2
PDR3;CSS1
PDR3;RGI2
PDR3;VHR1
PDR3;HSP150
PDR3;SUI2
PDR3;TDH2
PDR3;PSG1
PDR3;PDC1
PDR3;RPL10
PDR3;TAL1
PDR3;ILV5
PDR3;VPS9
PDR3;YML096W
PDR3;UTP14
PDR3;ROY1
PDR3;DSL1
PDR3;PDR16
PDR3;ELA1
PDR3;ATG3
PDR3;LRO1
PDR3;ADH1
PDR3;ATG34
PDR3;SPP2
PDR3;ATG40
PDR3;PDR5
PDR3;KIN4
PDR3;PUT4
PDR3;YPL068C
PDR3;HTC1
PDR3;TEF1
PDR3;CDC19
PDR3;RPS8A
PDR3;LDB7
PDR3;PDR3
PDR3;FLR1
OAF1;TPS1
OAF1;CKS1
OAF1;IFA38
OAF1;ADY2
OAF1;TMA17
OAF1;BDF2
OAF1;BSC1
OAF1;IPT1
OAF1;SED1
OAF1;UME6
OAF1;PEX5
OAF1;CTA1
OAF1;ATO3
OAF1;PRB1
OAF1;GLC3
OAF1;FAA2
OAF1;ICL1
OAF1;POX1
OAF1;TOS8
OAF1;RIM8
OAF1;YGR035C
OAF1;FMP48
OAF1;YGR117C
OAF1;RTS3
OAF1;RIM101
OAF1;HXT5
OAF1;PEX18
OAF1;POT1
OAF1;QDR1
OAF1;RHO3
OAF1;YJL218W
OAF1;ELO1
OAF1;INO1
OAF1;TES1
OAF1;YJR071W
OAF1;RSM7
OAF1;MNN4
OAF1;PXA2
OAF1;CWP2
OAF1;CYT2
OAF1;MDH1
OAF1;ASK1
OAF1;FOX2
OAF1;MTD1
OAF1;PTR2
OAF1;PCK1
OAF1;ECI1
OAF1;NNT1
OAF1;MSC1
OAF1;RPS1B
OAF1;YAP1
OAF1;GLO1
OAF1;ADI1
OAF1;SPO20
OAF1;PEX9
OAF1;LAF1
OAF1;GID8
OAF1;MGL2
OAF1;SCS7
OAF1;ADH2
OAF1;DIA1
OAF1;SPS19
OAF1;MLS1
OAF1;AQR1
OAF1;IDP3
OAF1;RCF2
OAF1;PEX11
OAF1;MDH2
OAF1;MDY2
OAF1;IZH4
OAF1;PHM7
OAF1;ATG34
OAF1;IZH2
OAF1;RSB1
OAF1;LPX1
OAF1;CRC1
OAF1;RAS1
OAF1;PDR5
OAF1;DCI1
OAF1;RCN2
OAF1;TPO4
OAF1;YOR302W
OAF1;FAA1
OAF1;YOR342C
OAF1;PUT4
OAF1;PIP2
OAF1;CUP9
OAF1;PEX25
OAF1;EEB1
OAF1;SWI1
OAF1;ANT1
OAF1;YAT1
OAF1;PHO11
OAF1;YBR053C
OAF1;HSP26
OAF1;NET1
OAF1;GYP6
SMP1;SMP1
SMP1;YGR035C
SMP1;IME1
SMP1;CWP1
SMP1;DFR1
HAP3;GPX2
HAP3;HEM3
HAP3;HEM1
HAP3;AGE1
HAP3;QCR9
HAP3;COX6
HAP3;CYC1
HAP3;BNA2
HAP3;SDH1
HAP3;SDH3
HAP3;RPM2
HAP3;CIT1
HAP3;GDH1
HAP3;CTF19
HAP3;ASN1
HAP3;EFB1
KAR4;KAR4
KAR4;FUS1
KAR4;FIG2
KAR4;PCL2
KAR4;GIC2
KAR4;CHD1
KAR4;STE2
KAR4;SCW11
KAR4;PRM5
KAR4;YIL102C
KAR4;XBP1
KAR4;BAR1
KAR4;JJJ2
KAR4;PRM10
KAR4;YJL107C
KAR4;PGM1
KAR4;YKR041W
KAR4;UTH1
KAR4;IMD4
KAR4;CIK1
KAR4;PRM1
KAR4;YNL146W
KAR4;AGA1
KAR4;ZEO1
KAR4;TOS7
KAR4;PRM3
KAR4;PRM4
KAR4;KAR3
KAR4;ARR3
KAR4;FUS3
KAR4;FIG1
KAR4;TEC1
KAR4;POL30
RDS1;RDS1
RDS1;AAD3
RDS1;YMR103C
UGA3;UGA4
UGA3;UGA1
UGA3;RFA2
UGA3;TFB2
UGA3;BAP2
THI2;THI3
THI2;CSN9
THI2;THI74
THI2;FAU1
THI2;THI4
THI2;PTR2
THI2;THI73
THI2;THI7
THI2;THI20
THI2;MIX23
CYC8;GAL3
CYC8;GNP1
CYC8;TIR1
CYC8;TIR2
CYC8;DIP5
NRG2;ENA1
NRG2;SHC1
NRG2;WSC4
NRG2;LAM4
NRG2;RPI1
NRG2;SGA1
NRG2;ELO1
NRG2;MDG1
HCM1;CIN8
HCM1;HOP2
HCM1;FKH1
HCM1;THI73
HCM1;TUB1
HCM1;ERG2
HCM1;GAD1
HCM1;FKH2
HCM1;YNL013C
HCM1;PAU6
HCM1;BDS1
HCM1;GYP1
HCM1;RTS2
HCM1;NDD1
HCM1;OYE3
HCM1;HEK2
MAL33;YRF1-2
MAL33;YFL066C
MAL33;YHL050C
MAL33;IRR1
MAL33;RAD27
MAL33;MRPL13
MAL33;MEH1
MAL33;CTR3
MAL33;ATR2
MAL33;UFE1
MAL33;GDH3
