method,n,d_x,d_z,seed,status,time_sec,mem_mb,n_ci_tests,n_l0_calls,precision,recall_resolved,recall_overall,f1,accuracy,coverage,tp,fp,fn,tn,unresolved_frac,shd_full,shd_resolved,n_resolved,error_msg
ascend,256,5,10,101,ok,0.790999999999258,14203,145,,1,0.6,0.6,0.75,0.8,1,3,0,2,5,0,2,2,10,
ascend,256,5,10,102,ok,0.289000000000669,0,38,,1,0.666666666666667,0.666666666666667,0.8,0.9,1,2,0,1,7,0,1,1,10,
ascend,256,5,10,103,ok,0.43999999999869,58,105,,1,0.4,0.333333333333333,0.571428571428572,0.666666666666667,0.9,2,0,3,4,0.1,4,4,10,
ascend,256,5,10,104,ok,0.479999999999563,67,131,,0.8,0.8,0.8,0.8,0.8,1,4,1,1,4,0,2,2,10,
ascend,256,5,10,105,ok,0.591000000000349,52,187,,1,0.666666666666667,0.666666666666667,0.8,0.8,1,4,0,2,4,0,2,2,10,
cbl,256,5,10,101,ok,16.4519999999993,10750,42000,4000,0,0,0,,0.5,0.6,0,1,2,3,0.4,5,2,6,
cbl,256,5,10,102,ok,16.3539999999994,70,42000,4000,,0,0,,0.857142857142857,0.7,0,0,1,6,0.3,2,1,8,
cbl,256,5,10,103,ok,15.103000000001,153,42000,4000,,0,0,,0.444444444444444,0.9,0,0,5,4,0.1,4,4,10,
cbl,256,5,10,104,ok,15.4470000000001,401,42000,4000,,,0,,1,0.5,0,0,0,5,0.5,5,0,5,
cbl,256,5,10,105,ok,15.753999999999,393,42000,4000,,0,0,,0.5,0.6,0,0,3,3,0.4,5,2,6,
ascend,512,5,10,101,ok,0.674000000000888,0,211,,0.75,0.6,0.6,0.666666666666667,0.7,1,3,1,2,4,0,3,3,10,
ascend,512,5,10,102,ok,0.584000000000742,55,176,,1,0.666666666666667,0.666666666666667,0.8,0.9,1,2,0,1,7,0,1,1,10,
ascend,512,5,10,103,ok,0.591999999998734,61,178,,0.6,0.5,0.5,0.545454545454545,0.5,1,3,2,3,2,0,5,5,10,
ascend,512,5,10,104,ok,0.43199999999888,61,102,,1,1,1,1,1,1,5,0,0,5,0,0,0,10,
ascend,512,5,10,105,ok,0.524999999999636,61,148,,0.6,0.5,0.5,0.545454545454545,0.5,1,3,2,3,2,0,4,4,10,
cbl,512,5,10,101,ok,15.889000000001,407,42000,4000,0,0,0,,0.571428571428571,0.7,0,1,2,4,0.3,2,1,9,
cbl,512,5,10,102,ok,15.1790000000001,126,42000,4000,0,0,0,,0.75,0.8,0,1,1,6,0.2,2,1,9,
cbl,512,5,10,103,ok,16.0959999999996,393,42000,4000,1,0.333333333333333,0.166666666666667,0.5,0.666666666666667,0.6,1,0,2,3,0.4,3,1,7,
cbl,512,5,10,104,ok,18.2369999999992,393,46600,4400,,0,0,,0.5,0.8,0,0,4,4,0.2,0,0,9,
cbl,512,5,10,105,ok,16.0820000000003,78,42000,4000,,0,0,,0.666666666666667,0.6,0,0,2,4,0.4,5,2,7,
ascend,1024,5,10,101,ok,0.658999999999651,0,167,,0.666666666666667,0.4,0.4,0.5,0.6,1,2,1,3,4,0,3,3,10,
ascend,1024,5,10,102,ok,0.370999999999185,43,70,,0.666666666666667,0.666666666666667,0.666666666666667,0.666666666666667,0.8,1,2,1,1,6,0,1,1,10,
ascend,1024,5,10,103,ok,0.950000000000728,55,300,,1,1,1,1,1,0.9,6,0,0,3,0.1,1,1,10,
ascend,1024,5,10,104,ok,0.574000000000524,64,153,,1,0.8,0.8,0.888888888888889,0.9,1,4,0,1,5,0,1,1,10,
ascend,1024,5,10,105,ok,0.725999999998749,70,208,,0.75,1,1,0.857142857142857,0.8,1,6,2,0,2,0,2,2,10,
cbl,1024,5,10,101,ok,16.7899999999991,542,42000,4000,,0,0,,0.833333333333333,0.6,0,0,1,5,0.4,3,0,7,
cbl,1024,5,10,102,ok,15.4089999999997,102,42000,4000,,0,0,,0.777777777777778,0.9,0,0,2,7,0.1,1,0,9,
cbl,1024,5,10,103,ok,19.0490000000009,417,47000,4400,,0,0,,0.375,0.8,0,0,5,3,0.2,2,1,9,
cbl,1024,5,10,104,ok,18.7349999999988,417,46600,4400,0,0,0,,0.5,0.8,0,1,3,4,0.2,2,1,9,
cbl,1024,5,10,105,ok,18.3979999999992,417,42000,4000,0,0,0,,0.2,0.5,0,1,3,1,0.5,6,4,7,
ascend,1024,5,20,101,ok,0.341999999998734,0,42,,1,0.2,0.2,0.333333333333333,0.6,1,1,0,4,5,0,4,4,10,
ascend,1024,5,20,102,ok,0.675000000001091,49,171,,1,0.25,0.2,0.4,0.666666666666667,0.9,1,0,3,5,0.1,4,4,10,
ascend,1024,5,20,103,ok,0.628000000000611,67,142,,,0,0,,0.2,1,0,0,8,2,0,8,8,10,
ascend,1024,5,20,104,ok,0.341000000000349,55,38,,1,0.333333333333333,0.333333333333333,0.5,0.8,1,1,0,2,7,0,2,2,10,
ascend,1024,5,20,105,ok,0.423000000000684,58,74,,1,1,1,1,1,1,3,0,0,7,0,0,0,10,
cbl,1024,5,20,101,ok,21.4720000000016,244,82000,4000,,0,0,,0.714285714285714,0.7,0,0,2,5,0.3,5,2,7,
cbl,1024,5,20,102,ok,20.0390000000007,94,82000,4000,,0,0,,0.5,1,0,0,5,5,0,4,4,10,
cbl,1024,5,20,103,ok,19.8319999999985,70,82000,4000,,0,0,,0.285714285714286,0.7,0,0,5,2,0.3,7,5,8,
cbl,1024,5,20,104,ok,17.6359999999986,70,82000,4000,,0,0,,0.7,1,0,0,3,7,0,2,2,10,
cbl,1024,5,20,105,ok,19.9899999999998,94,82000,4000,,0,0,,0.666666666666667,0.9,0,0,3,6,0.1,0,0,9,
ascend,1024,5,30,101,ok,0.911999999998443,0,196,,,0,0,,0.8,1,0,0,2,8,0,0,0,10,
ascend,1024,5,30,102,ok,0.270000000000437,49,10,,,0,0,,0.6,1,0,0,4,6,0,4,4,10,
ascend,1024,5,30,103,ok,0.888999999999214,73,174,,1,0.142857142857143,0.142857142857143,0.25,0.4,1,1,0,6,3,0,4,4,10,
ascend,1024,5,30,104,ok,0.90099999999984,49,215,,,0,0,,0.5,1,0,0,5,5,0,5,5,10,
ascend,1024,5,30,105,ok,0.679000000000087,76,130,,1,0.5,0.5,0.666666666666667,0.8,1,2,0,2,6,0,1,1,10,
cbl,1024,5,30,101,ok,38.1729999999989,217,122000,4000,,,0,,1,0.7,0,0,0,7,0.3,2,0,7,
cbl,1024,5,30,102,ok,30.5369999999984,78,122000,4000,,0,0,,0.571428571428571,0.7,0,0,3,4,0.3,4,3,7,
cbl,1024,5,30,103,ok,35.2199999999993,86,122000,4000,1,0.25,0.142857142857143,0.4,0.571428571428571,0.7,1,0,3,3,0.3,6,3,7,
cbl,1024,5,30,104,ok,33.9899999999998,78,122000,4000,,0,0,,0.571428571428571,0.7,0,0,3,4,0.3,5,3,7,
cbl,1024,5,30,105,ok,35.8400000000001,417,122000,4000,,0,0,,0.833333333333333,0.6,0,0,1,5,0.4,4,1,6,
ascend,1024,5,40,101,ok,0.270000000000437,0,10,,,0,0,,0.7,1,0,0,3,7,0,3,3,10,
ascend,1024,5,40,102,ok,0.266999999999825,82,10,,,0,0,,0.3,1,0,0,7,3,0,7,7,10,
ascend,1024,5,40,103,ok,0.773999999999433,37,166,,,0,0,,0.5,0.8,0,0,4,4,0.2,6,6,10,
ascend,1024,5,40,104,ok,0.281000000000859,67,10,,,0,0,,0.5,1,0,0,5,5,0,5,5,10,
ascend,1024,5,40,105,ok,0.268000000000029,52,10,,,0,0,,0.5,1,0,0,5,5,0,5,5,10,
cbl,1024,5,40,101,ok,47.1180000000004,228,162000,4000,,0,0,,0.857142857142857,0.7,0,0,1,6,0.3,3,1,7,
cbl,1024,5,40,102,ok,48.5600000000013,78,162000,4000,,0,0,,0.222222222222222,0.9,0,0,7,2,0.1,7,7,9,
cbl,1024,5,40,103,ok,46.5949999999994,78,162000,4000,,0,0,,0.375,0.8,0,0,5,3,0.2,6,5,8,
cbl,1024,5,40,104,ok,56.719000000001,70,162000,4000,,0,0,,0.5,1,0,0,5,5,0,5,5,10,
cbl,1024,5,40,105,ok,51.6570000000011,78,162000,4000,,0,0,,0.555555555555556,0.9,0,0,4,5,0.1,5,4,9,
ascend,1024,5,50,101,ok,0.261000000000422,0,10,,,0,0,,0.6,1,0,0,4,6,0,4,4,10,
ascend,1024,5,50,102,ok,0.283999999999651,67,10,,,0,0,,0.4,1,0,0,6,4,0,6,6,10,
ascend,1024,5,50,103,ok,0.269000000000233,58,10,,,0,0,,0.6,1,0,0,4,6,0,4,4,10,
ascend,1024,5,50,104,ok,0.279999999998836,70,10,,,0,0,,0.6,1,0,0,4,6,0,4,4,10,
ascend,1024,5,50,105,ok,0.26299999999901,40,10,,,0,0,,0.7,1,0,0,3,7,0,3,3,10,
cbl,1024,5,50,101,ok,61.848,244,202000,4000,,0,0,,0.555555555555556,0.9,0,0,4,5,0.1,4,4,9,
cbl,1024,5,50,102,timeout,6940.146,10883,161447,3197,,,,,,,,,,,,,,,"task 27 failed - ""reached elapsed time limit"" [cpu=3600s, elapsed=3600s]"
cbl,1024,5,50,103,ok,63.484999999997,78,202000,4000,,0,0,,0.666666666666667,0.9,0,0,3,6,0.1,4,3,9,
cbl,1024,5,50,104,ok,73.8280000000014,86,202000,4000,,0,0,,0.6,1,0,0,4,6,0,4,4,10,
cbl,1024,5,50,105,ok,49.0339999999997,78,202000,4000,,0,0,,0.666666666666667,0.9,0,0,3,6,0.1,3,3,9,
ascend,1024,10,10,101,ok,2.58699999999953,5,821,,0.888888888888889,0.685714285714286,0.685714285714286,0.774193548387097,0.688888888888889,1,24,3,11,7,0,10,10,45,
ascend,1024,10,10,102,ok,1.68999999999869,137,595,,1,0.5,0.411764705882353,0.666666666666667,0.833333333333333,0.933333333333333,7,0,7,28,0.0666666666666667,10,10,45,
ascend,1024,10,10,103,ok,1.98899999999776,149,698,,1,0.523809523809524,0.523809523809524,0.6875,0.777777777777778,1,11,0,10,24,0,9,9,45,
ascend,1024,10,10,104,ok,1.30999999999767,146,458,,1,0.307692307692308,0.307692307692308,0.470588235294118,0.6,1,8,0,18,19,0,16,16,45,
ascend,1024,10,10,105,ok,2.3550000000032,158,815,,0.814814814814815,0.88,0.88,0.846153846153846,0.822222222222222,1,22,5,3,15,0,7,7,45,
cbl,1024,10,10,101,ok,80.3539999999994,524930,203400,18800,0.909090909090909,0.454545454545455,0.285714285714286,0.606060606060606,0.59375,0.711111111111111,10,1,12,9,0.288888888888889,4,4,45,
cbl,1024,10,10,102,ok,74.1660000000011,177,189000,18000,0,0,0,,0.689655172413793,0.644444444444445,0,1,8,20,0.355555555555556,12,5,31,
cbl,1024,10,10,103,ok,74.635000000002,500,193600,18400,1,0.125,0.0476190476190476,0.222222222222222,0.766666666666667,0.666666666666667,1,0,7,22,0.333333333333333,14,4,33,
cbl,1024,10,10,104,ok,74.9880000000012,476,189000,18000,,0,0,,0.545454545454545,0.733333333333333,0,0,15,18,0.266666666666667,24,13,33,
cbl,1024,10,10,105,ok,79.268,412,199200,18400,0.166666666666667,0.111111111111111,0.04,0.133333333333333,0.535714285714286,0.622222222222222,1,5,8,14,0.377777777777778,18,12,39,
ascend,1024,15,10,101,ok,9.72400000000198,121,3497,,0.790322580645161,0.628205128205128,0.6125,0.7,0.592233009708738,0.980952380952381,49,13,29,12,0.0190476190476191,26,26,105,
ascend,1024,15,10,102,ok,6.87099999999919,289,2323,,0.829787234042553,0.513157894736842,0.513157894736842,0.634146341463415,0.567307692307692,0.990476190476191,39,8,37,20,0.00952380952380953,34,34,105,
ascend,1024,15,10,103,ok,6.83600000000297,271,2324,,0.907692307692308,0.670454545454545,0.670454545454545,0.771241830065359,0.666666666666667,1,59,6,29,11,0,17,17,105,
ascend,1024,15,10,104,ok,7.32200000000012,268,2514,,0.916666666666667,0.774647887323944,0.763888888888889,0.83969465648855,0.798076923076923,0.990476190476191,55,5,16,28,0.00952380952380953,23,23,105,
ascend,1024,15,10,105,ok,6.14099999999962,274,2158,,0.817073170731707,0.817073170731707,0.817073170731707,0.817073170731707,0.714285714285714,1,67,15,15,8,0,27,27,105,
cbl,1024,15,10,101,ok,216.124,780,516800,48000,0.833333333333333,0.32258064516129,0.125,0.465116279069767,0.465116279069768,0.40952380952381,10,2,21,10,0.590476190476191,55,17,57,
cbl,1024,15,10,102,ok,198.900000000001,609,475000,43600,0.486486486486487,0.409090909090909,0.236842105263158,0.444444444444445,0.366197183098592,0.676190476190476,18,19,26,8,0.323809523809524,37,27,93,
cbl,1024,15,10,103,ok,195.968000000001,361,483400,44400,0.741935483870968,0.348484848484849,0.261363636363636,0.474226804123711,0.378048780487805,0.780952380952381,23,8,43,8,0.219047619047619,14,14,104,
cbl,1024,15,10,104,ok,202.75,385,512600,46800,0.714285714285714,0.319148936170213,0.208333333333333,0.441176470588235,0.512820512820513,0.742857142857143,15,6,32,25,0.257142857142857,32,25,97,
cbl,1024,15,10,105,ok,218.457999999999,625,537200,48800,0.638888888888889,0.410714285714286,0.280487804878049,0.5,0.386666666666667,0.714285714285714,23,13,33,6,0.285714285714286,22,20,101,
ascend,1024,20,10,101,ok,13.5290000000023,312,4568,,0.793103448275862,0.661870503597122,0.661870503597122,0.721568627450981,0.626315789473684,1,92,24,47,27,0,51,51,190,
ascend,1024,20,10,102,ok,12.3290000000015,463,4170,,0.825,0.452054794520548,0.448979591836735,0.584070796460177,0.502645502645503,0.994736842105263,66,14,80,29,0.00526315789473684,68,68,190,
ascend,1024,20,10,103,ok,14.456000000002,469,4639,,0.860869565217391,0.678082191780822,0.678082191780822,0.758620689655172,0.668421052631579,1,99,16,47,28,0,42,42,190,
ascend,1024,20,10,104,ok,15.8450000000012,454,5091,,0.891089108910891,0.592105263157895,0.592105263157895,0.711462450592885,0.615789473684211,1,90,11,62,27,0,44,44,190,
ascend,1024,20,10,105,ok,13.4150000000009,463,4328,,0.833333333333333,0.691056910569106,0.691056910569106,0.755555555555556,0.710526315789474,1,85,17,38,50,0,53,53,190,
cbl,1024,20,10,101,timeout,3601.323,1979,213156,19996,,,,,,,,,,,,,,,"task 10 failed - ""reached elapsed time limit"" [cpu=3600s, elapsed=3600s]"
cbl,1024,20,10,102,ok,395.298000000003,788,936400,86400,0.882352941176471,0.208333333333333,0.102040816326531,0.337078651685393,0.438095238095238,0.552631578947369,15,2,57,31,0.447368421052632,102,50,131,
cbl,1024,20,10,103,ok,339.973999999998,540,839800,76400,0.78030303030303,0.76865671641791,0.705479452054795,0.774436090225564,0.657142857142857,0.921052631578947,103,29,31,12,0.0789473684210526,42,42,190,
cbl,1024,20,10,104,timeout,3600.241,1580,519189,47999,,,,,,,,,,,,,,,"task 48 failed - ""reached elapsed time limit"" [cpu=3600s, elapsed=3600s]"
cbl,1024,20,10,105,ok,360.437000000002,780,874000,78400,0.636986301369863,0.837837837837838,0.75609756097561,0.723735408560311,0.587209302325582,0.905263157894737,93,53,18,8,0.0947368421052632,66,65,188,
ascend,2048,5,10,101,ok,0.960999999999331,0,246,,0.5,0.4,0.4,0.444444444444444,0.5,1,2,2,3,3,0,5,5,10,
ascend,2048,5,10,102,ok,0.481999999999971,58,91,,1,1,1,1,1,1,3,0,0,7,0,0,0,10,
ascend,2048,5,10,103,ok,0.835999999999331,55,213,,1,0.666666666666667,0.666666666666667,0.8,0.8,1,4,0,2,4,0,4,4,10,
ascend,2048,5,10,104,ok,0.593000000000757,61,138,,0.833333333333333,1,1,0.909090909090909,0.9,1,5,1,0,4,0,1,1,10,
ascend,2048,5,10,105,ok,0.520000000000437,55,106,,0.666666666666667,0.666666666666667,0.666666666666667,0.666666666666667,0.6,1,4,2,2,2,0,4,4,10,
cbl,2048,5,10,101,ok,18.1909999999989,413,42400,4000,0,0,0,,0.375,0.8,0,2,3,3,0.2,2,2,10,
cbl,2048,5,10,102,ok,19.4120000000003,401,46600,4400,,0,0,,0.666666666666667,0.6,0,0,2,4,0.4,0,0,7,
cbl,2048,5,10,103,ok,18.6029999999992,102,46600,4400,,0,0,,0.5,0.8,0,0,4,4,0.2,3,1,8,
cbl,2048,5,10,104,ok,19.1319999999978,153,46600,4400,0,0,0,,0.571428571428571,0.7,0,1,2,4,0.3,2,1,9,
cbl,2048,5,10,105,ok,18.4290000000001,393,42000,4000,1,0.25,0.166666666666667,0.4,0.5,0.6,1,0,3,2,0.4,4,3,9,
ascend,4096,5,10,101,ok,0.826000000000931,0,159,,1,1,1,1,1,1,5,0,0,5,0,1,1,10,
ascend,4096,5,10,102,ok,0.452000000001135,49,66,,1,1,1,1,1,1,3,0,0,7,0,0,0,10,
ascend,4096,5,10,103,ok,1,58,186,,1,1,1,1,1,1,6,0,0,4,0,1,1,10,
ascend,4096,5,10,104,ok,0.755000000001019,67,134,,1,1,1,1,1,1,5,0,0,5,0,0,0,10,
ascend,4096,5,10,105,ok,1.20599999999831,52,246,,0.555555555555556,0.833333333333333,0.833333333333333,0.666666666666667,0.5,1,5,4,1,0,0,4,4,10,
cbl,4096,5,10,101,ok,21.3810000000012,231,47000,4400,,0,0,,0.8,0.5,0,0,1,4,0.5,1,1,10,
cbl,4096,5,10,102,ok,19.1440000000002,70,42000,4000,,0,0,,0.75,0.8,0,0,2,6,0.2,1,0,8,
cbl,4096,5,10,103,ok,20.5229999999974,185,42400,4000,,0,0,,0.375,0.8,0,0,5,3,0.2,0,0,9,
cbl,4096,5,10,104,ok,19.4030000000021,233,42400,4000,,0,0,,0.714285714285714,0.7,0,0,2,5,0.3,3,1,8,
cbl,4096,5,10,105,ok,27.1130000000012,86,56600,5200,,0,0,,0.333333333333333,0.6,0,0,4,2,0.4,2,2,10,
