"sp","n","outcome","Freq"
"0.5","1024","correct",0.527443105756359
"0.7","1024","correct",0.607876712328767
"0.9","1024","correct",0.845070422535211
"0.5","4096","correct",0.654618473895582
"0.7","4096","correct",0.638698630136986
"0.9","4096","correct",0.873239436619718
"0.5","1024","missed (called unrelated)",0.113788487282463
"0.7","1024","missed (called unrelated)",0.126712328767123
"0.9","1024","missed (called unrelated)",0.105633802816901
"0.5","4096","missed (called unrelated)",0.0374832663989291
"0.7","4096","missed (called unrelated)",0.0393835616438356
"0.9","4096","missed (called unrelated)",0.028169014084507
"0.5","1024","reversed",0.340026773761714
"0.7","1024","reversed",0.232876712328767
"0.9","1024","reversed",0.0492957746478873
"0.5","4096","reversed",0.29718875502008
"0.7","4096","reversed",0.282534246575342
"0.9","4096","reversed",0.0774647887323944
"0.5","1024","undetermined (NA)",0.0187416331994645
"0.7","1024","undetermined (NA)",0.0325342465753425
"0.9","1024","undetermined (NA)",0
"0.5","4096","undetermined (NA)",0.0107095046854083
"0.7","4096","undetermined (NA)",0.0393835616438356
"0.9","4096","undetermined (NA)",0.0211267605633803
