"n","d_z","seed","prescreen","time_sec","n_ci_tests","n_pair_tests","n_witness_tests","n_mb_tests","ci_time_sec","time_per_test","mean_cond_size","mean_pair_cond","max_pair_cond","dir_precision","dir_recall","dir_f1","orient_acc","coverage","shd"
300,25,101,0.3,0.508683681488037,2331,58,628,1645,0.154484987258911,6.62741258081987e-05,3.18747318747319,5.8448275862069,9,0.5,0.411764705882353,0.451612903225806,0.636363636363636,0.911111111111111,13
300,25,101,1,0.359412670135498,3903,51,684,3168,0.161649465560913,4.14167218962114e-05,3.80912118882911,7.07843137254902,11,0.346153846153846,0.529411764705882,0.418604651162791,0.642857142857143,0.977777777777778,20
300,25,102,0.3,0.334038972854614,3783,52,1044,2687,0.154381275177002,4.08092189206984e-05,4.37219138250066,8.71153846153846,11,0.566666666666667,0.5,0.53125,0.68,0.955555555555556,22
300,25,102,1,0.373552560806274,4518,53,1060,3405,0.174345970153809,3.85891921544508e-05,4.43404161133245,9.22641509433962,13,0.566666666666667,0.5,0.53125,0.708333333333333,0.955555555555556,23
300,25,103,0.3,0.22221851348877,2610,56,820,1734,0.0972685813903809,3.72676557051268e-05,3.32107279693487,6.07142857142857,10,0.541666666666667,0.541666666666667,0.541666666666667,0.764705882352941,0.933333333333333,18
300,25,103,1,0.310239791870117,3291,56,772,2463,0.142418384552002,4.32751092531151e-05,3.13643269522941,6.19642857142857,10,0.523809523809524,0.458333333333333,0.488888888888889,0.6875,0.955555555555556,18
300,25,104,0.3,0.282887935638428,3156,57,628,2471,0.126589059829712,4.01106019739265e-05,3.27091254752852,6.91228070175439,10,0.571428571428571,0.5,0.533333333333333,0.727272727272727,0.933333333333333,11
300,25,104,1,0.393211126327515,3703,54,552,3097,0.204412937164307,5.52019814108309e-05,3.21658115041858,7.14814814814815,10,0.625,0.625,0.625,0.769230769230769,0.955555555555556,9
300,25,105,0.3,0.220383882522583,2694,49,476,2169,0.10060977935791,3.73458720704937e-05,3.54083147735709,8.59183673469388,13,0.928571428571429,0.590909090909091,0.722222222222222,0.928571428571429,0.955555555555556,9
300,25,105,1,0.270657539367676,3125,49,484,2592,0.122638940811157,3.92444610595703e-05,3.488,8.71428571428571,14,0.928571428571429,0.590909090909091,0.722222222222222,0.928571428571429,0.955555555555556,9
300,50,101,0.3,0.640408515930176,6893,53,780,6060,0.301572561264038,4.37505529180383e-05,4.45800087044828,11,16,0.272727272727273,0.15,0.193548387096774,0.3,0.955555555555556,18
300,50,101,1,0.797772645950317,9025,49,788,8188,0.380551815032959,4.21664060978348e-05,5.01761772853186,12.4489795918367,17,0.733333333333333,0.55,0.628571428571429,0.846153846153846,0.977777777777778,11
300,50,102,0.3,0.686033248901367,6366,45,480,5841,0.328189611434937,5.15535047808571e-05,4.35689601005341,12.2444444444444,16,0.4,0.625,0.487804878048781,0.833333333333333,1,19
300,50,102,1,0.790145874023438,8563,47,636,7880,0.37385892868042,4.36598071564195e-05,4.78115146560785,13.4468085106383,18,0.75,0.75,0.75,0.923076923076923,0.977777777777778,7
300,50,103,0.3,0.54954719543457,5451,47,468,4936,0.258270025253296,4.73803018259578e-05,3.77783892863695,9.63829787234043,13,0.8,0.421052631578947,0.551724137931034,0.8,1,11
300,50,103,1,0.668434858322144,6856,47,464,6345,0.318432807922363,4.64458587984777e-05,3.82249124854142,9.63829787234043,13,0.8,0.421052631578947,0.551724137931034,0.8,1,11
300,50,104,0.3,0.63194465637207,6275,46,544,5685,0.298782587051392,4.76147549085883e-05,4.30215139442231,12.6304347826087,16,0.583333333333333,0.5,0.538461538461538,0.7,1,9
300,50,104,1,0.759617805480957,7661,45,484,7132,0.351409196853638,4.58698860271032e-05,4.24383239785929,12.9777777777778,17,0.6875,0.785714285714286,0.733333333333333,0.846153846153846,1,6
300,50,105,0.3,0.594985485076904,6442,45,684,5713,0.280455112457275,4.35354101920639e-05,4.51707544240919,11.5333333333333,15,0.722222222222222,0.481481481481481,0.577777777777778,0.8125,1,16
300,50,105,1,0.848325252532959,8977,45,708,8224,0.402217388153076,4.48053233990282e-05,4.45727971482678,11.5777777777778,17,0.354838709677419,0.407407407407407,0.379310344827586,0.523809523809524,1,26
300,100,101,0.3,1.23871922492981,13054,45,540,12469,0.601797342300415,4.61006084189072e-05,4.52053010571472,12.1777777777778,16,0.4,0.5,0.444444444444444,0.75,1,13
300,100,101,1,1.75347352027893,19574,46,704,18824,0.875014781951904,4.47029111041128e-05,5.41289465617656,15.2391304347826,24,0.428571428571429,0.5,0.461538461538462,0.666666666666667,1,11
300,100,102,0.3,1.45453548431396,16810,45,788,15977,0.739650726318359,4.40006380915145e-05,4.94437834622249,15.8444444444444,22,0.32,0.296296296296296,0.307692307692308,0.421052631578947,1,25
300,100,102,1,2.01862144470215,20741,47,828,19866,0.996437311172485,4.80419126933362e-05,5.55358950870257,16.6595744680851,22,0.4375,0.259259259259259,0.325581395348837,0.5,0.977777777777778,22
300,100,103,0.3,1.26738095283508,13242,51,584,12607,0.612149953842163,4.6227907705948e-05,4.90182751850174,13.0392156862745,18,0.375,0.176470588235294,0.24,0.6,0.933333333333333,17
300,100,103,1,1.7807092666626,17835,48,580,17207,0.869291543960571,4.87407650104049e-05,4.6511354079058,14.5,20,0.25,0.117647058823529,0.16,0.285714285714286,1,16
300,100,104,0.3,1.54880142211914,13866,47,604,13215,0.777127265930176,5.60455261741076e-05,4.21779893264099,11.7659574468085,17,0.636363636363636,0.25,0.358974358974359,0.636363636363636,1,21
300,100,104,1,1.62058973312378,17461,45,688,16728,0.78457236289978,4.49328425004169e-05,4.73678483477464,13.2444444444444,19,0.388888888888889,0.25,0.304347826086957,0.538461538461538,1,26
300,100,105,0.3,1.32080507278442,14272,45,624,13603,0.669532060623169,4.6912280032453e-05,7.41781109865471,17.5111111111111,29,0.5,0.235294117647059,0.32,0.5,1,13
300,100,105,1,1.99298024177551,19620,45,436,19139,1.01339435577393,5.16510884696191e-05,6.30208970438328,16.8444444444444,25,0.5,0.235294117647059,0.32,0.571428571428571,1,14
300,200,101,0.3,2.40346908569336,24453,45,268,24140,1.21712708473206,4.97741416076578e-05,5.02155154786734,16.4222222222222,23,0,0,NA,0,1,31
300,200,101,1,2.89582872390747,29750,47,360,29343,1.46829962730408,4.93546093211454e-05,4.5106218487395,15.1914893617021,21,0.5,0.0645161290322581,0.114285714285714,0.5,0.977777777777778,29
300,200,102,0.3,3.05749702453613,30608,45,468,30095,1.53143453598022,5.00337995288887e-05,5.33442237323576,16.8444444444444,23,0.5,0.166666666666667,0.25,0.666666666666667,1,22
300,200,102,1,3.20439887046814,34683,45,224,34414,1.64856719970703,4.75324279822112e-05,5.89037857163452,18.8666666666667,30,0.5,0.0833333333333333,0.142857142857143,0.666666666666667,1,23
300,200,103,0.3,2.49660348892212,25450,49,580,24821,1.29799318313599,5.10016967833393e-05,6.31831041257367,19.4081632653061,25,0.666666666666667,0.0909090909090909,0.16,0.666666666666667,0.955555555555556,20
300,200,103,1,4.3480978012085,43177,45,392,42740,2.31120133399963,5.35285298654291e-05,7.29916390670959,22.6444444444444,32,0.5,0.0909090909090909,0.153846153846154,0.5,1,20
300,200,104,0.3,1.84182214736938,20640,47,180,20413,0.944984197616577,4.57841181015783e-05,5.15663759689923,17.3404255319149,28,1,0.05,0.0952380952380952,1,0.977777777777778,19
300,200,104,1,2.06071090698242,23024,45,0,22979,1.04746747016907,4.5494591303382e-05,4.60588950660181,17.3555555555556,22,NA,0,NA,NA,1,20
300,200,105,0.3,2.30138444900513,25410,47,604,24759,1.16257643699646,4.57527129868737e-05,5.15261707988981,15.4042553191489,20,0.272727272727273,0.142857142857143,0.1875,0.375,0.977777777777778,21
300,200,105,1,3.72539687156677,38766,45,524,38197,1.93098092079163,4.98111984933092e-05,6.07671671051953,17.2888888888889,23,0.375,0.142857142857143,0.206896551724138,0.428571428571429,1,19
1024,25,101,0.3,0.420727014541626,3563,63,988,2512,0.185708999633789,5.21215267004741e-05,4.00336794835813,6.61904761904762,13,0.6,0.705882352941177,0.648648648648649,0.923076923076923,0.888888888888889,12
1024,25,101,1,0.483232975006104,4180,61,916,3203,0.199327707290649,4.76860543757534e-05,3.30956937799043,6.34426229508197,10,0.565217391304348,0.764705882352941,0.65,0.866666666666667,0.933333333333333,12
1024,25,102,0.3,0.394539594650269,4134,53,1288,2793,0.180721998214722,4.37160131143497e-05,5.21940009675859,9.28301886792453,13,0.703703703703704,0.558823529411765,0.622950819672131,0.826086956521739,0.911111111111111,19
1024,25,102,1,0.518904685974121,5055,49,1268,3738,0.240958213806152,4.76673024344515e-05,5.18733926805143,9.6734693877551,14,0.620689655172414,0.529411764705882,0.571428571428572,0.72,0.955555555555556,20
1024,25,103,0.3,0.467613220214844,3612,56,892,2664,0.211996078491211,5.86921590507228e-05,4.31201550387597,6.89285714285714,12,0.652173913043478,0.625,0.638297872340426,0.882352941176471,0.933333333333333,15
1024,25,103,1,0.423420190811157,4363,58,916,3389,0.18794059753418,4.30760021852349e-05,4.09122163648865,6.58620689655172,12,0.625,0.625,0.625,0.833333333333333,0.911111111111111,15
1024,25,104,0.3,0.394173860549927,3818,52,756,3010,0.178844451904297,4.68424441865628e-05,4.19355683603981,8.19230769230769,13,0.454545454545455,0.625,0.526315789473684,0.769230769230769,0.955555555555556,15
1024,25,104,1,0.408621072769165,4116,52,776,3288,0.191801309585571,4.65989576252603e-05,4.24708454810496,8.23076923076923,13,0.5,0.625,0.555555555555556,0.769230769230769,0.955555555555556,13
1024,25,105,0.3,0.361011981964111,3631,52,940,2639,0.166858196258545,4.59537858051625e-05,5.12062792619113,9.48076923076923,13,0.636363636363636,0.636363636363636,0.636363636363636,0.777777777777778,0.955555555555556,12
1024,25,105,1,0.483608484268188,4472,46,908,3518,0.225094556808472,5.03342032219302e-05,5.22204830053667,10.8695652173913,16,0.708333333333333,0.772727272727273,0.739130434782609,0.85,1,9
1024,50,101,0.3,1.09409403800964,11316,49,1260,10007,0.535400152206421,4.73135518033246e-05,6.01882290562036,14.0408163265306,22,0.80952380952381,0.85,0.829268292682927,0.894736842105263,1,5
1024,50,101,1,1.17802739143372,11016,52,1344,9620,0.58445405960083,5.30550163036338e-05,6.14170297748729,14.7307692307692,21,0.941176470588235,0.8,0.864864864864865,0.941176470588235,0.977777777777778,4
1024,50,102,0.3,0.825697183609009,8804,45,988,7771,0.413029193878174,4.69138112083341e-05,5.38516583371195,14.8888888888889,22,0.714285714285714,0.9375,0.810810810810811,1,1,7
1024,50,102,1,0.862886905670166,9713,45,940,8728,0.408486604690552,4.2055657849331e-05,5.08915885926078,14.5555555555556,21,0.481481481481481,0.8125,0.604651162790698,0.866666666666667,1,15
1024,50,103,0.3,0.854153633117676,9126,55,1344,7727,0.408491611480713,4.47612986500891e-05,5.40773613850537,10.9272727272727,19,0.739130434782609,0.894736842105263,0.80952380952381,0.944444444444444,0.933333333333333,7
1024,50,103,1,0.978264808654785,10377,65,1580,8732,0.467385053634644,4.50404792940776e-05,5.53127108027368,10.9538461538462,18,0.777777777777778,0.736842105263158,0.756756756756757,0.875,0.866666666666667,7
1024,50,104,0.3,0.638733148574829,7263,46,608,6609,0.293923616409302,4.04686240409337e-05,4.60154206250861,12.2826086956522,18,0.923076923076923,0.857142857142857,0.888888888888889,1,1,3
1024,50,104,1,0.729721069335938,7923,46,488,7389,0.342348337173462,4.32094329387179e-05,4.65997728133283,11.8260869565217,17,0.666666666666667,0.857142857142857,0.75,0.923076923076923,1,7
1024,50,105,0.3,1.05089426040649,10530,45,1512,8973,0.508379936218262,4.82791962220571e-05,6.38347578347578,13.5777777777778,19,0.512820512820513,0.740740740740741,0.606060606060606,0.769230769230769,1,20
1024,50,105,1,1.42085289955139,12772,67,2320,10385,0.6796715259552,5.32157474127153e-05,6.78186658315064,13.6417910447761,19,0.523809523809524,0.407407407407407,0.458333333333333,0.647058823529412,0.844444444444444,20
1024,100,101,0.3,3.02797174453735,28293,47,1316,26930,1.55896687507629,5.51007979032373e-05,8.24917824196798,22.6595744680851,28,0.266666666666667,0.333333333333333,0.296296296296296,0.4,0.977777777777778,13
1024,100,101,1,3.25432705879211,29706,47,1320,28339,1.68981647491455,5.68846857508433e-05,8.57065912610247,22.7659574468085,29,0.5,0.5,0.5,0.666666666666667,0.977777777777778,9
1024,100,102,0.3,2.86229372024536,26057,49,2128,23880,1.49471759796143,5.7363380203455e-05,8.99512606977012,23.5918367346939,32,0.428571428571429,0.444444444444444,0.436363636363636,0.6,0.955555555555556,23
1024,100,102,1,3.58787870407104,34647,46,1892,32709,1.87019109725952,5.39784424989038e-05,8.74621179322885,23,29,0.392857142857143,0.407407407407407,0.4,0.55,1,24
1024,100,103,0.3,2.60363984107971,26043,46,916,25081,1.3193051815033,5.06587252429941e-05,7.17425027838575,19.9782608695652,32,0.461538461538462,0.352941176470588,0.4,0.5,1,12
1024,100,103,1,2.62812566757202,27674,49,1100,26525,1.34561276435852,4.86237177263323e-05,7.58000289080003,20.1224489795918,28,0.5,0.294117647058824,0.37037037037037,0.5,0.977777777777778,12
1024,100,104,0.3,3.09930109977722,33045,49,1980,31016,1.59850454330444,4.8373567659387e-05,8.53469511272507,21.9387755102041,26,0.555555555555556,0.714285714285714,0.625,0.833333333333333,0.977777777777778,20
1024,100,104,1,3.29352068901062,33811,45,1672,32094,1.71491742134094,5.07206950797357e-05,8.69311762444175,23.0444444444444,32,0.393939393939394,0.464285714285714,0.426229508196721,0.619047619047619,1,27
1024,100,105,0.3,2.65440630912781,27873,46,944,26883,1.34511518478394,4.82587157745465e-05,7.65593943960105,21.2173913043478,25,0.714285714285714,0.588235294117647,0.645161290322581,0.833333333333333,1,9
1024,100,105,1,2.29868936538696,24403,47,960,23396,1.16689825057983,4.78178195541464e-05,7.6824570749498,21.5106382978723,27,0.555555555555556,0.294117647058824,0.384615384615385,0.555555555555556,0.977777777777778,12
1024,200,101,0.3,7.64555478096008,72567,47,2756,69764,4.18090343475342,5.76143899396891e-05,11.0047128860226,30.8723404255319,39,0.241379310344828,0.225806451612903,0.233333333333333,0.304347826086957,1,30
1024,200,101,1,8.67256855964661,83812,47,2628,81137,4.73077702522278,5.64451036274373e-05,10.5463895384909,28.2340425531915,39,0.4,0.387096774193548,0.39344262295082,0.521739130434783,1,26
1024,200,102,0.3,7.84693145751953,72352,52,2700,69600,4.2528178691864,5.87795481698695e-05,10.4405683325962,29.75,40,0.4375,0.291666666666667,0.35,0.4375,1,17
1024,200,102,1,8.69360685348511,87820,51,2456,85313,4.61793780326843,5.25841243824691e-05,9.90474834889547,29.3333333333333,40,0.36,0.375,0.36734693877551,0.5,0.977777777777778,22
1024,200,103,0.3,7.44778800010681,69607,45,1672,67890,4.05767774581909,5.82941046995143e-05,11.1794790753803,31.2888888888889,42,0.5625,0.409090909090909,0.473684210526316,0.692307692307692,1,16
1024,200,103,1,9.9101767539978,92807,47,1956,90804,5.48766803741455,5.91298936224051e-05,11.4959000937429,32.1489361702128,44,0.529411764705882,0.409090909090909,0.461538461538462,0.5625,1,14
1024,200,104,0.3,6.52868700027466,62207,45,1824,60338,3.54867601394653,5.70462490386377e-05,11.0184866654878,30.9555555555556,40,0.388888888888889,0.35,0.368421052631579,0.466666666666667,1,16
1024,200,104,1,7.63780403137207,70028,49,2128,67851,4.15573477745056,5.93439021170184e-05,10.2694922031188,29.4897959183673,38,0.466666666666667,0.35,0.4,0.5,0.977777777777778,14
1024,200,105,0.3,5.81892609596252,55756,57,2012,53687,3.10596489906311,5.57063795656631e-05,9.63989525790946,23.6140350877193,31,0.333333333333333,0.19047619047619,0.242424242424242,0.333333333333333,0.933333333333333,17
1024,200,105,1,7.05158758163452,68711,53,1884,66774,3.77821230888367,5.49870080319551e-05,10.0063017566329,24.4905660377358,30,0.857142857142857,0.571428571428571,0.685714285714286,0.857142857142857,0.955555555555556,9
