method,n,d_x,d_z,seed,status,time_sec,mem_mb,n_ci_tests,n_l0_calls,ci_time_sec,time_per_test,n_pair_tests,n_witness_tests,n_mb_tests,mean_cond_size,max_cond_size,mean_pair_cond,max_pair_cond,n_sweeps,true_max_indeg,true_n_edges,n_pairs,n_true_rel,coverage,undetermined,skel_tp,skel_fp,skel_fn,skel_precision,skel_recall,skel_f1,dir_tp,dir_claims,n_reversed,dir_precision,dir_recall,dir_f1,orient_acc,orient_undet,orient_n,ad_acc,shd,shd_resolved,n_undirected,n_unresolved_true,error_msg
ascend,256,5,10,101,ok,0.611000000000001,35832,205,,0.0329573154449463,0.000160767392414372,18,60,127,1.44390243902439,5,1,3,2,2,4,10,5,0.6,0.4,2,1,3,0.666666666666667,0.4,0.5,2,3,0,0.666666666666667,0.4,0.5,1,0,2,0.833333333333333,4,1,0,3,
ascend,256,5,10,102,ok,0.261999999999999,304,364,,0.0161480903625488,4.43628856113979e-05,10,92,262,1.79120879120879,5,3.5,5,2,2,3,10,3,1,0,3,3,0,0.5,1,0.666666666666667,3,6,0,0.5,1,0.666666666666667,1,0,3,0.7,3,3,0,0,
cbl,256,5,10,101,ok,30.36,423314,42000,4000,23.2844119071961,0.000554390759695144,,,,,,,,,2,4,10,5,0.4,0.6,1,0,4,1,0.2,0.333333333333333,0,1,1,0,0,,0,0,1,0.75,5,1,0,4,
cbl,256,5,10,102,ok,27.815,112719,42000,4000,21.8181929588318,0.00051948078473409,,,,,,,,,2,3,10,3,0.5,0.5,1,1,2,0.5,0.333333333333333,0.4,0,2,1,0,0,,0,0,1,0.6,4,2,0,2,
ascend,512,5,10,101,ok,0.238,304,227,,0.00986886024475098,4.34751552632202e-05,16,48,163,1.48898678414097,5,0.75,3,2,2,4,10,5,0.7,0.3,2,2,3,0.5,0.4,0.444444444444444,2,4,0,0.5,0.4,0.444444444444444,1,0,2,0.714285714285714,5,2,0,3,
ascend,512,5,10,102,ok,0.23899999999999,304,359,,0.0146975517272949,4.09402555077853e-05,10,64,285,1.80779944289694,7,4.4,7,2,2,3,10,3,1,0,3,1,0,0.75,1,0.857142857142857,3,4,0,0.75,1,0.857142857142857,1,0,3,0.9,1,1,0,0,
cbl,512,5,10,101,ok,26.92,98130,42000,4000,21.1085691452026,0.000502584979647682,,,,,,,,,2,4,10,5,0.5,0.5,2,0,3,1,0.4,0.571428571428572,0,2,2,0,0,,0,0,2,0.6,5,2,0,3,
cbl,512,5,10,102,ok,27.331,94171,46600,4400,23.1279487609863,0.000496307913325887,,,,,,,,,2,3,10,3,1,0,3,0,0,1,1,1,0,3,3,0,0,,0,0,3,0.7,3,3,0,0,
ascend,1024,5,10,101,ok,0.322999999999993,304,240,,0.0229020118713379,9.54250494639079e-05,12,56,172,1.05416666666667,4,1.41666666666667,3,2,2,4,10,5,0.9,0.1,4,2,1,0.666666666666667,0.8,0.727272727272727,3,6,1,0.5,0.6,0.545454545454545,0.75,0,4,0.666666666666667,4,3,0,1,
ascend,1024,5,10,102,ok,0.399000000000001,304,343,,0.0211052894592285,6.15314561493543e-05,10,60,273,1.62390670553936,6,3.8,6,2,2,3,10,3,1,0,3,1,0,0.75,1,0.857142857142857,3,4,0,0.75,1,0.857142857142857,1,0,3,0.9,1,1,0,0,
cbl,1024,5,10,101,ok,27.426,121147,42000,4000,21.4304618835449,0.000510249092465355,,,,,,,,,2,4,10,5,0.6,0.4,2,1,3,0.666666666666667,0.4,0.5,0,3,2,0,0,,0,0,2,0.5,6,3,0,3,
cbl,1024,5,10,102,ok,25.752,75301,42000,4000,21.4904968738556,0.000511678496996562,,,,,,,,,2,3,10,3,0.8,0.2,2,0,1,1,0.666666666666667,0.8,0,2,2,0,0,,0,0,2,0.75,3,2,0,1,
ascend,1024,5,20,101,ok,0.308999999999998,304,1093,,0.0443489551544189,4.05754392995599e-05,10,172,911,3.06678865507777,11,7.3,11,2,3,5,10,5,1,0,5,2,0,0.714285714285714,1,0.833333333333333,4,7,1,0.571428571428571,0.8,0.666666666666667,0.8,0,5,0.7,3,3,0,0,
ascend,1024,5,20,102,ok,0.373000000000019,304,1386,,0.068943977355957,4.97431294054524e-05,10,236,1140,4.26479076479076,12,9.5,12,2,2,4,10,5,1,0,5,1,0,0.833333333333333,1,0.909090909090909,3,6,2,0.5,0.6,0.545454545454545,0.6,0,5,0.7,3,3,0,0,
cbl,1024,5,20,101,ok,28.664,121346,82400,4000,23.607720375061,0.000286501460862391,,,,,,,,,3,5,10,5,0.7,0.3,2,0,3,1,0.4,0.571428571428572,0,2,2,0,0,,0,0,2,0.714285714285714,5,2,0,3,
cbl,1024,5,20,102,ok,31.788,67006,91000,4400,26.0165066719055,0.000285895677713247,,,,,,,,,2,4,10,5,1,0,4,1,1,0.8,0.8,0.8,2,5,2,0.4,0.4,0.4,0.5,0,4,0.6,4,4,0,0,
ascend,1024,5,30,101,ok,0.385999999999996,304,1433,,0.0647799968719482,4.52058596454628e-05,10,88,1335,3.9741800418702,14,9.5,14,2,2,2,10,2,1,0,2,0,0,1,1,1,2,2,0,1,1,1,1,0,2,1,0,0,0,0,
ascend,1024,5,30,102,ok,0.494,304,2333,,0.127936601638794,5.48378061032122e-05,10,352,1971,5.58551221603086,19,14,19,2,2,4,10,4,1,0,4,2,0,0.666666666666667,1,0.8,4,6,0,0.666666666666667,1,0.8,1,0,4,0.8,2,2,0,0,
cbl,1024,5,30,101,ok,29.655,46089,122000,4000,26.4208147525787,0.000216564055349006,,,,,,,,,2,2,10,2,1,0,2,0,0,1,1,1,0,2,2,0,0,,0,0,2,0.8,2,2,0,0,
cbl,1024,5,30,102,ok,33.497,79337,122000,4000,27.4211874008179,0.000224763831154245,,,,,,,,,2,4,10,4,0.4,0.6,0,0,4,,0,,0,0,0,,0,,,,0,1,4,0,0,4,
ascend,1024,5,40,101,ok,0.532000000000039,304,3380,,0.160658836364746,4.75322001079131e-05,10,188,3182,5.8008875739645,21,16.1,21,2,2,3,10,3,1,0,3,1,0,0.75,1,0.857142857142857,1,4,2,0.25,0.333333333333333,0.285714285714286,0.333333333333333,0,3,0.7,3,3,0,0,
ascend,1024,5,40,102,ok,0.887999999999977,304,4323,,0.313648223876953,7.25533712414881e-05,11,428,3884,6.07610455702059,18,15.5454545454545,18,3,2,5,10,7,1,0,6,0,1,1,0.857142857142857,0.923076923076923,4,6,2,0.666666666666667,0.571428571428571,0.615384615384615,0.666666666666667,0,6,0.7,3,3,0,0,
cbl,1024,5,40,101,ok,38.214,94222,162000,4000,32.5081849098206,0.000200667808085312,,,,,,,,,2,3,10,3,0.5,0.5,0,0,3,,0,,0,0,0,,0,,,,0,1,3,0,0,3,
cbl,1024,5,40,102,ok,39.32,41879,162000,4000,32.5596911907196,0.000200985748090862,,,,,,,,,2,5,10,7,0.3,0.7,0,0,7,,0,,0,0,0,,0,,,,0,1,7,0,0,7,
ascend,1024,5,50,101,ok,0.562000000000012,304,3892,,0.16641092300415,4.2757174461498e-05,12,280,3600,5.71813977389517,21,16.75,21,2,1,3,10,4,0.9,0.1,3,0,1,1,0.75,0.857142857142857,1,3,2,0.333333333333333,0.25,0.285714285714286,0.333333333333333,0,3,0.777777777777778,3,2,0,1,
ascend,1024,5,50,102,ok,0.758000000000038,304,4659,,0.265497207641602,5.69858784377767e-05,10,280,4369,6.99098518995493,22,16.5,22,2,2,4,10,6,1,0,6,0,0,1,1,1,6,6,0,1,1,1,1,0,6,1,0,0,0,0,
cbl,1024,5,50,101,ok,44.905,96059,202000,4000,38.8037610054016,0.000192097826759414,,,,,,,,,1,3,10,4,0.5,0.5,1,0,3,1,0.25,0.4,0,1,1,0,0,,0,0,1,0.8,4,1,0,3,
cbl,1024,5,50,102,ok,43.264,104657,202000,4000,37.3471596240997,0.000184886928832177,,,,,,,,,2,4,10,6,0.4,0.6,0,0,6,,0,,0,0,0,,0,,,,0,1,6,0,0,6,
ascend,1024,10,10,101,ok,0.376000000000033,677,1887,,0.0819206237792969,4.34131551559602e-05,62,888,937,3.22098569157393,8,4.51612903225807,7,3,5,21,45,35,0.888888888888889,0.111111111111111,29,5,6,0.852941176470588,0.828571428571429,0.840579710144928,24,34,5,0.705882352941177,0.685714285714286,0.695652173913044,0.827586206896552,0,29,0.7,16,12,0,4,
ascend,1024,10,10,102,ok,0.319000000000017,677,1235,,0.0505485534667969,4.0930002807123e-05,62,448,725,2.52064777327935,7,3.59677419354839,7,4,3,12,45,17,0.933333333333333,0.0666666666666667,14,5,3,0.736842105263158,0.823529411764706,0.777777777777778,14,19,0,0.736842105263158,0.823529411764706,0.777777777777778,1,0,14,0.880952380952381,8,5,0,3,
cbl,1024,10,10,101,ok,130.273,117021,194800,18400,99.1158726215363,0.000508808381014047,,,,,,,,,5,21,45,35,0.777777777777778,0.222222222222222,26,4,9,0.866666666666667,0.742857142857143,0.8,3,32,23,0.09375,0.0857142857142857,0.0895522388059701,0.115384615384615,0,26,0.212121212121212,36,28,2,8,
cbl,1024,10,10,102,ok,125.456,117011,200200,18800,101.32875084877,0.000506137616627224,,,,,,,,,3,12,45,17,0.933333333333333,0.0666666666666667,13,7,4,0.65,0.764705882352941,0.702702702702703,1,20,12,0.05,0.0588235294117647,0.0540540540540541,0.0769230769230769,0,13,0.5,23,21,0,2,
ascend,1024,15,10,101,ok,0.870000000000005,1178,5472,,0.283536911010742,5.18159559595655e-05,133,2564,2775,4.70175438596491,13,6.15789473684211,11,4,8,50,105,80,0.971428571428571,0.0285714285714286,67,15,13,0.817073170731707,0.8375,0.82716049382716,49,82,18,0.597560975609756,0.6125,0.604938271604938,0.73134328358209,0,67,0.57843137254902,46,43,0,3,
ascend,1024,15,10,102,ok,0.711000000000013,1178,4625,,0.213916778564453,4.62522764463683e-05,135,2444,2046,5.17081081081081,12,6.77037037037037,12,3,5,37,105,76,0.933333333333333,0.0666666666666667,59,12,17,0.830985915492958,0.776315789473684,0.802721088435374,36,71,23,0.507042253521127,0.473684210526316,0.489795918367347,0.610169491525424,0,59,0.520408163265306,52,47,0,5,
