"sp","r2","seed","K_true","K_match_submitted","K_match_fixed","f1_submitted","f1_fixed","precision_submitted","precision_fixed","recall_submitted","recall_fixed","direction_acc_submitted","orient_acc_fixed"
0.5,0.5,1,69,3,7,0.0833333333333333,0.157894736842105,1,0.857142857142857,0.0434782608695652,0.0869565217391304,1,0.5
0.5,0.5,2,68,31,56,0.484848484848485,0.741935483870968,0.774193548387097,0.821428571428571,0.352941176470588,0.676470588235294,0.516129032258065,0.652173913043478
0.5,0.5,3,69,17,37,0.325581395348837,0.60377358490566,0.823529411764706,0.864864864864865,0.202898550724638,0.463768115942029,0.470588235294118,0.71875
0.5,0.5,4,67,46,76,0.566371681415929,0.797202797202797,0.695652173913043,0.75,0.477611940298507,0.850746268656716,0.478260869565217,0.56140350877193
0.5,0.5,5,67,29,57,0.541666666666667,0.774193548387097,0.896551724137931,0.842105263157895,0.388059701492537,0.716417910447761,0.758620689655172,0.791666666666667
0.5,0.5,6,69,8,18,0.181818181818182,0.390804597701149,0.875,0.944444444444444,0.101449275362319,0.246376811594203,0.5,0.647058823529412
0.5,0.5,7,70,14,27,0.30952380952381,0.515463917525773,0.928571428571429,0.925925925925926,0.185714285714286,0.357142857142857,0.428571428571429,0.48
0.5,0.5,8,87,14,36,0.277227722772277,0.569105691056911,1,0.972222222222222,0.160919540229885,0.402298850574713,0.928571428571429,0.885714285714286
0.5,0.5,9,63,11,30,0.27027027027027,0.580645161290323,0.909090909090909,0.9,0.158730158730159,0.428571428571429,0.545454545454545,0.740740740740741
0.5,0.5,10,76,15,36,0.32967032967033,0.571428571428571,1,0.888888888888889,0.197368421052632,0.421052631578947,0.4,0.40625
0.5,0.7,1,69,5,7,0.135135135135135,0.184210526315789,1,1,0.072463768115942,0.101449275362319,1,0.714285714285714
0.5,0.7,2,68,29,72,0.45360824742268,0.757142857142857,0.758620689655172,0.736111111111111,0.323529411764706,0.779411764705882,0.655172413793103,0.811320754716981
0.5,0.7,3,69,31,58,0.5,0.755905511811024,0.806451612903226,0.827586206896552,0.36231884057971,0.695652173913043,0.548387096774194,0.8125
0.5,0.7,4,67,39,73,0.60377358490566,0.814285714285714,0.82051282051282,0.780821917808219,0.477611940298507,0.850746268656716,0.538461538461538,0.596491228070175
0.5,0.7,5,67,24,44,0.483516483516484,0.702702702702703,0.916666666666667,0.886363636363636,0.328358208955224,0.582089552238806,0.833333333333333,0.871794871794872
0.5,0.7,6,69,13,20,0.292682926829268,0.404494382022472,0.923076923076923,0.9,0.173913043478261,0.260869565217391,0.461538461538462,0.611111111111111
0.5,0.7,7,70,15,26,0.305882352941176,0.5,0.866666666666667,0.923076923076923,0.185714285714286,0.342857142857143,0.466666666666667,0.583333333333333
0.5,0.7,8,87,26,52,0.442477876106195,0.676258992805755,0.961538461538462,0.903846153846154,0.28735632183908,0.540229885057471,0.846153846153846,0.872340425531915
0.5,0.7,9,63,18,44,0.320987654320988,0.691588785046729,0.722222222222222,0.840909090909091,0.206349206349206,0.587301587301587,0.333333333333333,0.783783783783784
0.5,0.7,10,76,25,52,0.455445544554455,0.734375,0.92,0.903846153846154,0.302631578947368,0.618421052631579,0.64,0.787234042553192
0.7,0.5,1,47,7,17,0.222222222222222,0.46875,0.857142857142857,0.882352941176471,0.127659574468085,0.319148936170213,0.714285714285714,0.666666666666667
0.7,0.5,2,51,15,22,0.454545454545455,0.575342465753425,1,0.954545454545455,0.294117647058824,0.411764705882353,0.6,0.666666666666667
0.7,0.5,3,62,7,20,0.144927536231884,0.439024390243902,0.714285714285714,0.9,0.0806451612903226,0.290322580645161,0.285714285714286,0.666666666666667
0.7,0.5,4,53,25,48,0.487179487179487,0.732673267326733,0.76,0.770833333333333,0.358490566037736,0.69811320754717,0.64,0.72972972972973
0.7,0.5,5,46,12,19,0.344827586206897,0.492307692307692,0.833333333333333,0.842105263157895,0.217391304347826,0.347826086956522,0.666666666666667,0.75
0.7,0.5,6,63,7,19,0.171428571428571,0.390243902439024,0.857142857142857,0.842105263157895,0.0952380952380952,0.253968253968254,0.714285714285714,0.875
0.7,0.5,7,56,3,10,0.101694915254237,0.303030303030303,1,1,0.0535714285714286,0.178571428571429,0.666666666666667,0.7
0.7,0.5,8,77,22,36,0.404040404040404,0.584070796460177,0.909090909090909,0.916666666666667,0.25974025974026,0.428571428571429,0.5,0.666666666666667
0.7,0.5,9,45,3,8,0.0833333333333333,0.264150943396226,0.666666666666667,0.875,0.0444444444444444,0.155555555555556,0.333333333333333,0.857142857142857
0.7,0.5,10,70,11,28,0.222222222222222,0.489795918367347,0.818181818181818,0.857142857142857,0.128571428571429,0.342857142857143,0.363636363636364,0.666666666666667
0.7,0.7,1,47,15,25,0.419354838709677,0.583333333333333,0.866666666666667,0.84,0.276595744680851,0.446808510638298,0.733333333333333,0.761904761904762
0.7,0.7,2,51,23,40,0.405405405405405,0.615384615384615,0.652173913043478,0.7,0.294117647058824,0.549019607843137,0.521739130434783,0.857142857142857
0.7,0.7,3,62,9,32,0.225352112676056,0.574468085106383,0.888888888888889,0.84375,0.129032258064516,0.435483870967742,0.555555555555556,0.740740740740741
0.7,0.7,4,53,29,52,0.560975609756098,0.8,0.793103448275862,0.807692307692308,0.433962264150943,0.792452830188679,0.689655172413793,0.785714285714286
0.7,0.7,5,46,25,31,0.676056338028169,0.753246753246753,0.96,0.935483870967742,0.521739130434783,0.630434782608696,0.84,0.896551724137931
0.7,0.7,6,63,24,35,0.528735632183908,0.653061224489796,0.958333333333333,0.914285714285714,0.365079365079365,0.507936507936508,0.625,0.75
0.7,0.7,7,56,8,17,0.21875,0.410958904109589,0.875,0.882352941176471,0.125,0.267857142857143,0.625,0.8
0.7,0.7,8,77,31,68,0.444444444444444,0.772413793103448,0.774193548387097,0.823529411764706,0.311688311688312,0.727272727272727,0.67741935483871,0.875
0.7,0.7,9,45,10,17,0.327272727272727,0.516129032258065,0.9,0.941176470588235,0.2,0.355555555555556,0.5,0.75
0.7,0.7,10,70,14,54,0.238095238095238,0.661290322580645,0.714285714285714,0.759259259259259,0.142857142857143,0.585714285714286,0.428571428571429,0.634146341463415
0.9,0.5,1,9,6,9,0.8,1,1,1,0.666666666666667,1,1,1
0.9,0.5,2,9,4,8,0.615384615384615,0.941176470588235,1,1,0.444444444444444,0.888888888888889,0.75,0.875
0.9,0.5,3,33,9,44,0.333333333333333,0.597402597402597,0.777777777777778,0.522727272727273,0.212121212121212,0.696969696969697,0.444444444444444,0.782608695652174
0.9,0.5,4,12,13,18,0.56,0.8,0.538461538461538,0.666666666666667,0.583333333333333,1,0.538461538461538,1
0.9,0.5,5,7,3,7,0.6,1,1,1,0.428571428571429,1,1,1
0.9,0.5,6,14,11,15,0.56,0.758620689655172,0.636363636363636,0.733333333333333,0.5,0.785714285714286,0.363636363636364,0.727272727272727
0.9,0.5,7,14,4,14,0.444444444444444,1,1,1,0.285714285714286,1,1,1
0.9,0.5,8,15,2,15,0.235294117647059,0.933333333333333,1,0.933333333333333,0.133333333333333,0.933333333333333,1,0.928571428571429
0.9,0.5,9,11,3,9,0.285714285714286,0.7,0.666666666666667,0.777777777777778,0.181818181818182,0.636363636363636,0.666666666666667,1
0.9,0.5,10,18,9,24,0.444444444444444,0.857142857142857,0.666666666666667,0.75,0.333333333333333,1,0.666666666666667,1
0.9,0.7,1,9,6,9,0.8,1,1,1,0.666666666666667,1,1,1
0.9,0.7,2,9,3,9,0.5,1,1,1,0.333333333333333,1,1,1
0.9,0.7,3,33,11,47,0.409090909090909,0.65,0.818181818181818,0.553191489361702,0.272727272727273,0.787878787878788,0.454545454545455,0.807692307692308
0.9,0.7,4,12,10,17,0.636363636363636,0.827586206896552,0.7,0.705882352941177,0.583333333333333,1,0.7,1
0.9,0.7,5,7,3,7,0.6,1,1,1,0.428571428571429,1,1,1
0.9,0.7,6,14,5,14,0.421052631578947,0.857142857142857,0.8,0.857142857142857,0.285714285714286,0.857142857142857,0.6,0.833333333333333
0.9,0.7,7,14,8,18,0.363636363636364,0.875,0.5,0.777777777777778,0.285714285714286,1,0.5,1
0.9,0.7,8,15,5,17,0.3,0.9375,0.6,0.882352941176471,0.2,1,0.6,1
0.9,0.7,9,11,3,9,0.285714285714286,0.7,0.666666666666667,0.777777777777778,0.181818181818182,0.636363636363636,0.666666666666667,1
0.9,0.7,10,18,8,21,0.461538461538462,0.923076923076923,0.75,0.857142857142857,0.333333333333333,1,0.75,1
