"d_z","simulator","seed","max_var_z","median_edge_pcor","dir_tp","dir_f1","n_true_rel"
10,"submitted (z_scale = FALSE)",101,11.3316960148894,0.213030697036516,70,0.546875,134
10,"submitted (z_scale = FALSE)",102,4.75934589506673,0.228147396370808,81,0.615969581749049,114
10,"submitted (z_scale = FALSE)",103,56.8155533961428,0.18781831722872,75,0.704225352112676,109
10,"fixed (z_scale = TRUE)",101,1,0.254994224381077,71,0.512635379061372,134
10,"fixed (z_scale = TRUE)",102,1,0.24894895770232,70,0.53030303030303,114
10,"fixed (z_scale = TRUE)",103,1,0.262370826811131,92,0.71042471042471,109
20,"submitted (z_scale = FALSE)",101,83.8054452822743,0.151474828773163,56,0.419475655430712,144
20,"submitted (z_scale = FALSE)",102,41.1177135117587,0.100155955074284,48,0.403361344537815,152
20,"submitted (z_scale = FALSE)",103,7975.04167009871,0.0265309465541406,4,0.0536912751677852,140
20,"fixed (z_scale = TRUE)",101,1,0.261963008005887,74,0.474358974358974,144
20,"fixed (z_scale = TRUE)",102,1,0.233335953298546,95,0.590062111801242,152
20,"fixed (z_scale = TRUE)",103,1,0.211947978764309,81,0.558620689655172,140
40,"submitted (z_scale = FALSE)",101,17404.7836207692,0.0196817738192519,0,NA,140
40,"submitted (z_scale = FALSE)",102,12862.0493280762,0.0189541021103733,0,NA,131
40,"submitted (z_scale = FALSE)",103,2386.40005740285,0.022921927938714,1,0.0134228187919463,148
40,"fixed (z_scale = TRUE)",101,1,0.185510600152052,76,0.504983388704319,140
40,"fixed (z_scale = TRUE)",102,1,0.174967358455547,92,0.659498207885305,131
40,"fixed (z_scale = TRUE)",103,1,0.185231025458808,86,0.601398601398601,148
60,"submitted (z_scale = FALSE)",101,575721.121234294,0.0123559744368219,0,NA,89
60,"submitted (z_scale = FALSE)",102,1548666.94583518,0.0146275683051599,0,NA,116
60,"submitted (z_scale = FALSE)",103,39710339.8726937,0.0166164665558444,0,NA,135
60,"fixed (z_scale = TRUE)",101,1,0.166569198874003,39,0.34061135371179,89
60,"fixed (z_scale = TRUE)",102,1,0.175143095710127,52,0.37410071942446,116
60,"fixed (z_scale = TRUE)",103,1,0.164341975051492,53,0.388278388278388,135
100,"submitted (z_scale = FALSE)",101,184543211092.302,0.0138920197904866,0,NA,144
100,"submitted (z_scale = FALSE)",102,2978393758.29771,0.0202083996299846,0,NA,134
100,"submitted (z_scale = FALSE)",103,113635217849.072,0.0144258946523025,0,NA,133
100,"fixed (z_scale = TRUE)",101,1,0.144598770288936,56,0.397163120567376,144
100,"fixed (z_scale = TRUE)",102,1,0.133574263361221,52,0.367491166077739,134
100,"fixed (z_scale = TRUE)",103,1,0.13056499700498,77,0.562043795620438,133
200,"submitted (z_scale = FALSE)",101,1.95885815954199e+20,0.0133912047198224,0,NA,148
200,"submitted (z_scale = FALSE)",102,540527607720222848,0.0144930012382387,0,NA,124
200,"submitted (z_scale = FALSE)",103,14445289128466786304,0.0119392686138887,0,NA,143
200,"fixed (z_scale = TRUE)",101,1,0.094682996076095,76,0.515254237288136,148
200,"fixed (z_scale = TRUE)",102,1,0.0874693930880796,62,0.48062015503876,124
200,"fixed (z_scale = TRUE)",103,1,0.107358974184377,50,0.355871886120996,143
300,"submitted (z_scale = FALSE)",101,1.20897019703508e+32,0.0157639935269552,0,NA,119
300,"submitted (z_scale = FALSE)",102,4.55994666766645e+30,0.017045721638756,0,NA,125
300,"submitted (z_scale = FALSE)",103,2.24273757497398e+29,0.00967796794415848,0,NA,128
300,"fixed (z_scale = TRUE)",101,1,0.0804337375273111,31,0.275555555555556,119
300,"fixed (z_scale = TRUE)",102,1,0.102967768923339,41,0.314176245210728,125
300,"fixed (z_scale = TRUE)",103,1,0.0944834756601105,29,0.248927038626609,128
