"type","level","seed","d_z_obs","d_x_obs","time_s","status","dir_precision","dir_recall","dir_f1","orient_acc","orient_undet","ad_acc","coverage","shd","n_true_rel","dir_claims","n_reversed"
"x_as_z",0,101,50,15,2.449458360672,"ok",0.416666666666667,0.555555555555556,0.476190476190476,0.603448275862069,0,0.485436893203884,0.980952380952381,54,63,84,23
"x_as_z",0,102,50,15,2.42191743850708,"ok",0.524390243902439,0.558441558441558,0.540880503144654,0.651515151515151,0,0.523809523809524,1,50,77,82,23
"x_as_z",0,103,50,15,1.31181311607361,"ok",0.693877551020408,0.723404255319149,0.708333333333333,0.894736842105263,0,0.769230769230769,0.990476190476191,24,47,49,4
"x_as_z",0,104,50,15,1.64460301399231,"ok",0.52,0.666666666666667,0.584269662921348,0.742857142857143,0,0.747572815533981,0.980952380952381,28,39,50,9
"x_as_z",0,105,50,15,1.70919966697693,"ok",0.440677966101695,0.472727272727273,0.456140350877193,0.619047619047619,0,0.568627450980392,0.971428571428571,46,55,59,16
"x_as_z",0,106,50,15,2.33399224281311,"ok",0.658823529411765,0.746666666666667,0.7,0.823529411764706,0,0.663461538461538,0.990476190476191,36,75,85,12
"x_as_z",0,107,50,15,1.91532349586487,"ok",0.373134328358209,0.446428571428571,0.40650406504065,0.595238095238095,0,0.485148514851485,0.961904761904762,56,56,67,17
"x_as_z",0,108,50,15,1.77016115188599,"ok",0.647058823529412,0.66,0.653465346534653,0.804878048780488,0,0.75,0.990476190476191,27,50,51,8
"x_as_z",0,109,50,15,2.00868535041809,"ok",0.453333333333333,0.62962962962963,0.527131782945736,0.755555555555556,0,0.544554455445545,0.961904761904762,50,54,75,11
"x_as_z",0,110,50,15,3.17181134223938,"ok",0.573333333333333,0.632352941176471,0.601398601398601,0.767857142857143,0,0.603960396039604,0.961904761904762,44,68,75,13
"x_as_z",0.05,101,51,14,3.50359344482422,"ok",0.571428571428571,0.692307692307692,0.626086956521739,0.837209302325581,0,0.613636363636364,0.967032967032967,36,52,63,7
"x_as_z",0.05,102,51,14,2.69609069824219,"ok",0.489795918367347,0.369230769230769,0.421052631578947,0.631578947368421,0,0.438202247191011,0.978021978021978,52,65,49,14
"x_as_z",0.05,103,51,14,1.61512541770935,"ok",0.369565217391304,0.395348837209302,0.382022471910112,0.485714285714286,0,0.588888888888889,0.989010989010989,37,43,46,18
"x_as_z",0.05,104,51,14,1.82248044013977,"ok",0.375,0.6,0.461538461538462,0.65625,0,0.582417582417582,1,38,35,56,11
"x_as_z",0.05,105,51,14,1.47340488433838,"ok",0.491228070175439,0.595744680851064,0.538461538461538,0.717948717948718,0,0.6,0.989010989010989,37,47,57,11
"x_as_z",0.05,106,51,14,1.96594262123108,"ok",0.63013698630137,0.676470588235294,0.652482269503546,0.793103448275862,0,0.593406593406593,1,37,68,73,12
"x_as_z",0.05,107,51,14,1.95579767227173,"ok",0.294117647058824,0.510204081632653,0.373134328358209,0.555555555555556,0,0.296703296703297,1,64,49,85,20
"x_as_z",0.05,108,51,14,2.16443419456482,"ok",0.457627118644068,0.6,0.519230769230769,0.692307692307692,0,0.588888888888889,0.989010989010989,38,45,59,12
"x_as_z",0.05,109,51,14,1.98893928527832,"ok",0.558139534883721,0.533333333333333,0.545454545454545,0.727272727272727,0,0.670454545454545,0.967032967032967,31,45,43,9
"x_as_z",0.05,110,51,14,1.96708822250366,"ok",0.536231884057971,0.637931034482759,0.582677165354331,0.711538461538462,0,0.582417582417582,1,38,58,69,15
"x_as_z",0.1,101,52,13,1.80333638191223,"ok",0.238095238095238,0.333333333333333,0.277777777777778,0.394736842105263,0,0.298701298701299,0.987179487179487,55,45,63,23
"x_as_z",0.1,102,52,13,2.00909328460693,"ok",0.6,0.545454545454545,0.571428571428571,0.75,0,0.565789473684211,0.974358974358974,35,55,50,10
"x_as_z",0.1,103,52,13,1.29650902748108,"ok",0.292682926829268,0.307692307692308,0.3,0.387096774193548,0,0.519480519480519,0.987179487179487,37,39,41,19
"x_as_z",0.1,104,52,13,1.57501697540283,"ok",0.298507462686567,0.645161290322581,0.408163265306122,0.666666666666667,0,0.384615384615385,1,48,31,67,10
"x_as_z",0.1,105,52,13,1.46308922767639,"ok",0.5625,0.613636363636364,0.58695652173913,0.818181818181818,0,0.608108108108108,0.948717948717949,32,44,48,6
"x_as_z",0.1,106,52,13,1.47014451026917,"ok",0.782608695652174,0.631578947368421,0.699029126213592,0.857142857142857,0,0.684210526315789,0.974358974358974,25,57,46,6
"x_as_z",0.1,107,52,13,1.88997077941895,"ok",0.396551724137931,0.575,0.469387755102041,0.696969696969697,0,0.461538461538462,1,42,40,58,10
"x_as_z",0.1,108,52,13,1.60496306419373,"ok",0.617021276595745,0.763157894736842,0.682352941176471,0.90625,0,0.692307692307692,1,24,38,47,3
"x_as_z",0.1,109,52,13,1.57660412788391,"ok",0.454545454545455,0.48780487804878,0.470588235294118,0.714285714285714,0,0.539473684210526,0.974358974358974,37,41,44,8
"x_as_z",0.1,110,52,13,1.70139265060425,"ok",0.461538461538462,0.48,0.470588235294118,0.6,0,0.506493506493506,0.987179487179487,38,50,52,16
"x_as_z",0.2,101,53,12,2.36240005493164,"ok",0.259259259259259,0.388888888888889,0.311111111111111,0.451612903225806,0,0.318181818181818,1,45,36,54,17
"x_as_z",0.2,102,53,12,1.57454752922058,"ok",0.411764705882353,0.477272727272727,0.442105263157895,0.617647058823529,0,0.393939393939394,1,40,44,51,13
"x_as_z",0.2,103,53,12,1.41325879096985,"ok",0.576923076923077,0.5,0.535714285714286,0.652173913043478,0,0.723076923076923,0.984848484848485,18,30,26,8
"x_as_z",0.2,104,53,12,1.54459619522095,"ok",0.290909090909091,0.551724137931034,0.380952380952381,0.592592592592593,0,0.378787878787879,1,41,29,55,11
"x_as_z",0.2,105,53,12,1.74512624740601,"ok",0.478260869565217,0.611111111111111,0.536585365853659,0.758620689655172,0,0.546875,0.96969696969697,31,36,46,7
"x_as_z",0.2,106,53,12,1.54963397979736,"ok",0.75,0.588235294117647,0.659340659340659,0.833333333333333,0,0.640625,0.96969696969697,25,51,40,6
"x_as_z",0.2,107,53,12,1.42434930801392,"ok",0.275,0.34375,0.305555555555556,0.44,0,0.46031746031746,0.954545454545455,36,32,40,14
"x_as_z",0.2,108,53,12,1.42222738265991,"ok",0.658536585365854,0.794117647058823,0.72,0.931034482758621,0,0.707692307692308,0.984848484848485,19,34,41,2
"x_as_z",0.2,109,53,12,1.41684603691101,"ok",0.465116279069767,0.512820512820513,0.48780487804878,0.714285714285714,0,0.5,0.96969696969697,34,39,43,8
"x_as_z",0.2,110,53,12,1.50761342048645,"ok",0.55,0.523809523809524,0.536585365853658,0.6875,0,0.575757575757576,1,28,42,40,10
"x_as_z",0.3,101,54,11,1.51574563980103,"ok",0.333333333333333,0.4,0.363636363636364,0.521739130434783,0,0.436363636363636,1,31,30,36,11
"x_as_z",0.3,102,54,11,1.1125750541687,"ok",0.8,0.457142857142857,0.581818181818182,0.842105263157895,0,0.648148148148148,0.981818181818182,20,35,20,3
"x_as_z",0.3,103,54,11,1.28850650787354,"ok",0.483870967741935,0.5,0.491803278688525,0.625,0,0.592592592592593,0.981818181818182,22,30,31,9
"x_as_z",0.3,104,54,11,1.26042985916138,"ok",0.297297297297297,0.458333333333333,0.360655737704918,0.5,0,0.481481481481481,0.981818181818182,28,24,37,11
"x_as_z",0.3,105,54,11,1.27052998542786,"ok",0.41025641025641,0.571428571428571,0.477611940298507,0.64,0,0.527272727272727,1,26,28,39,9
"x_as_z",0.3,106,54,11,1.4825439453125,"ok",0.521739130434783,0.571428571428571,0.545454545454545,0.705882352941177,0,0.454545454545455,1,30,42,46,10
"x_as_z",0.3,107,54,11,1.41204023361206,"ok",0.354838709677419,0.423076923076923,0.385964912280702,0.55,0,0.538461538461538,0.945454545454545,26,26,31,9
"x_as_z",0.3,108,54,11,1.57493567466736,"ok",0.689655172413793,0.666666666666667,0.677966101694915,0.909090909090909,0,0.716981132075472,0.963636363636364,17,30,29,2
"x_as_z",0.3,109,54,11,1.39212584495544,"ok",0.5,0.53125,0.515151515151515,0.739130434782609,0,0.527272727272727,1,26,32,34,6
"x_as_z",0.3,110,54,11,1.64208602905273,"ok",0.459459459459459,0.53125,0.492753623188406,0.62962962962963,0,0.545454545454545,1,25,32,37,10
"feedback",0,101,50,15,2.09485101699829,"ok",0.416666666666667,0.555555555555556,0.476190476190476,0.603448275862069,0,0.485436893203884,0.980952380952381,54,63,84,23
"feedback",0,102,50,15,2.44264030456543,"ok",0.524390243902439,0.558441558441558,0.540880503144654,0.651515151515151,0,0.523809523809524,1,50,77,82,23
"feedback",0,103,50,15,1.30895328521729,"ok",0.693877551020408,0.723404255319149,0.708333333333333,0.894736842105263,0,0.769230769230769,0.990476190476191,24,47,49,4
"feedback",0,104,50,15,1.90576577186584,"ok",0.52,0.666666666666667,0.584269662921348,0.742857142857143,0,0.747572815533981,0.980952380952381,28,39,50,9
"feedback",0,105,50,15,1.97034287452698,"ok",0.440677966101695,0.472727272727273,0.456140350877193,0.619047619047619,0,0.568627450980392,0.971428571428571,46,55,59,16
"feedback",0,106,50,15,2.13654708862305,"ok",0.658823529411765,0.746666666666667,0.7,0.823529411764706,0,0.663461538461538,0.990476190476191,36,75,85,12
"feedback",0,107,50,15,1.97465181350708,"ok",0.373134328358209,0.446428571428571,0.40650406504065,0.595238095238095,0,0.485148514851485,0.961904761904762,56,56,67,17
"feedback",0,108,50,15,1.814293384552,"ok",0.647058823529412,0.66,0.653465346534653,0.804878048780488,0,0.75,0.990476190476191,27,50,51,8
"feedback",0,109,50,15,1.96544981002808,"ok",0.453333333333333,0.62962962962963,0.527131782945736,0.755555555555556,0,0.544554455445545,0.961904761904762,50,54,75,11
"feedback",0,110,50,15,2.22224092483521,"ok",0.573333333333333,0.632352941176471,0.601398601398601,0.767857142857143,0,0.603960396039604,0.961904761904762,44,68,75,13
"feedback",0.05,101,50,15,2.31242871284485,"ok",0.477777777777778,0.605633802816901,0.53416149068323,0.651515151515151,0,0.504761904761905,1,52,71,90,23
"feedback",0.05,102,50,15,2.29634666442871,"ok",0.395061728395062,0.415584415584416,0.40506329113924,0.542372881355932,0,0.361904761904762,1,67,77,81,27
"feedback",0.05,103,50,15,1.9073371887207,"ok",0.56,0.571428571428571,0.565656565656566,0.717948717948718,0,0.695238095238095,1,32,49,50,11
"feedback",0.05,104,50,15,1.91156935691833,"ok",0.483333333333333,0.568627450980392,0.522522522522522,0.743589743589744,0,0.596153846153846,0.990476190476191,43,51,60,10
"feedback",0.05,105,50,15,1.44906854629517,"ok",0.426666666666667,0.551724137931034,0.481203007518797,0.666666666666667,0,0.495238095238095,1,53,58,75,16
"feedback",0.05,106,50,15,2.10535168647766,"ok",0.40506329113924,0.41025641025641,0.407643312101911,0.507936507936508,0,0.40952380952381,1,62,78,79,31
"feedback",0.05,107,50,15,1.95486545562744,"ok",0.506666666666667,0.633333333333333,0.562962962962963,0.730769230769231,0,0.58252427184466,0.980952380952381,45,60,75,14
"feedback",0.05,108,50,15,2.04750156402588,"ok",0.763157894736842,0.58,0.659090909090909,0.852941176470588,0,0.774509803921569,0.971428571428571,25,50,38,5
"feedback",0.05,109,50,15,2.97551083564758,"ok",0.565789473684211,0.614285714285714,0.589041095890411,0.728813559322034,0,0.580952380952381,1,44,70,76,16
"feedback",0.05,110,50,15,2.33409142494202,"ok",0.392405063291139,0.455882352941176,0.421768707482993,0.574074074074074,0,0.42,0.952380952380952,62,68,79,23
"feedback",0.1,101,50,15,2.33158278465271,"ok",0.349397590361446,0.426470588235294,0.384105960264901,0.491525423728814,0,0.4,1,63,68,83,30
"feedback",0.1,102,50,15,2.71492910385132,"ok",0.685714285714286,0.571428571428571,0.623376623376623,0.8,0,0.567307692307692,0.990476190476191,46,84,70,12
"feedback",0.1,103,50,15,1.89507341384888,"ok",0.310344827586207,0.321428571428571,0.315789473684211,0.486486486486487,0,0.446601941747573,0.980952380952381,59,56,58,19
"feedback",0.1,104,50,15,1.85926294326782,"ok",0.559322033898305,0.568965517241379,0.564102564102564,0.767441860465116,0,0.615384615384615,0.990476190476191,41,58,59,10
"feedback",0.1,105,50,15,1.98218083381653,"ok",0.53968253968254,0.507462686567164,0.523076923076923,0.68,0,0.567307692307692,0.990476190476191,46,67,63,16
"feedback",0.1,106,50,15,2.19486927986145,"ok",0.551282051282051,0.511904761904762,0.530864197530864,0.661538461538462,0,0.485714285714286,1,54,84,78,22
"feedback",0.1,107,50,15,2.2348005771637,"ok",0.558823529411765,0.575757575757576,0.567164179104478,0.775510204081633,0,0.557692307692308,0.990476190476191,47,66,68,11
"feedback",0.1,108,50,15,2.04114460945129,"ok",0.419753086419753,0.576271186440678,0.485714285714286,0.666666666666667,0,0.476190476190476,1,55,59,81,17
"feedback",0.1,109,50,15,2.3956081867218,"ok",0.347826086956522,0.426666666666667,0.383233532934132,0.477611940298507,0,0.352380952380952,1,68,75,92,35
"feedback",0.1,110,50,15,2.15833973884583,"ok",0.480519480519481,0.451219512195122,0.465408805031447,0.587301587301587,0,0.438095238095238,1,59,82,77,26
"feedback",0.2,101,50,15,2.52060222625732,"ok",0.378787878787879,0.304878048780488,0.337837837837838,0.446428571428571,0,0.365384615384615,0.990476190476191,67,82,66,31
"feedback",0.2,102,50,15,1.87681269645691,"ok",0.434782608695652,0.235294117647059,0.305343511450382,0.444444444444444,0,0.378640776699029,0.980952380952381,66,85,46,25
"feedback",0.2,103,50,15,2.41086363792419,"ok",0.46,0.315068493150685,0.373983739837398,0.560975609756098,0,0.442307692307692,0.990476190476191,59,73,50,18
"feedback",0.2,104,50,15,1.91567730903625,"ok",0.627906976744186,0.402985074626866,0.490909090909091,0.692307692307692,0,0.580952380952381,1,44,67,43,12
"feedback",0.2,105,50,15,1.95476245880127,"ok",0.5375,0.565789473684211,0.551282051282051,0.704918032786885,0,0.504761904761905,1,52,76,80,18
"feedback",0.2,106,50,15,2.56483745574951,"ok",0.5,0.436781609195402,0.466257668711656,0.575757575757576,0,0.442307692307692,0.990476190476191,59,87,76,28
"feedback",0.2,107,50,15,2.52784514427185,"ok",0.5,0.512820512820513,0.506329113924051,0.634920634920635,0,0.475728155339806,0.980952380952381,55,78,80,23
"feedback",0.2,108,50,15,2.74349761009216,"ok",0.590163934426229,0.5,0.541353383458647,0.705882352941177,0,0.563106796116505,0.980952380952381,46,72,61,15
"feedback",0.2,109,50,15,2.19148898124695,"ok",0.345454545454545,0.231707317073171,0.277372262773723,0.41304347826087,0,0.314285714285714,1,72,82,55,27
"feedback",0.2,110,50,15,2.38596701622009,"ok",0.45,0.329268292682927,0.380281690140845,0.529411764705882,0,0.39047619047619,1,64,82,60,24
"feedback",0.3,101,50,15,2.55514049530029,"ok",0.5375,0.518072289156627,0.52760736196319,0.632352941176471,0,0.504761904761905,1,52,83,80,25
"feedback",0.3,102,50,15,2.24695158004761,"ok",0.5,0.397849462365591,0.44311377245509,0.578125,0,0.371428571428571,1,66,93,74,27
"feedback",0.3,103,50,15,1.92015385627747,"ok",0.527272727272727,0.349397590361446,0.420289855072464,0.604166666666667,0,0.419047619047619,1,61,83,55,19
"feedback",0.3,104,50,15,2.82605218887329,"ok",0.48780487804878,0.547945205479452,0.516129032258065,0.666666666666667,0,0.476190476190476,1,55,73,82,20
"feedback",0.3,105,50,15,2.60147309303284,"ok",0.597222222222222,0.505882352941176,0.547770700636943,0.661538461538462,0,0.533333333333333,1,49,85,72,22
"feedback",0.3,106,50,15,2.71895885467529,"ok",0.542168674698795,0.523255813953488,0.532544378698225,0.671641791044776,0,0.461538461538462,0.990476190476191,57,86,83,22
"feedback",0.3,107,50,15,2.12973690032959,"ok",0.379746835443038,0.348837209302326,0.363636363636364,0.461538461538462,0,0.333333333333333,1,70,86,79,35
"feedback",0.3,108,50,15,2.40900826454163,"ok",0.578125,0.52112676056338,0.548148148148148,0.755102040816326,0,0.533333333333333,1,49,71,64,12
"feedback",0.3,109,50,15,2.09782195091248,"ok",0.379310344827586,0.275,0.318840579710145,0.468085106382979,0,0.342857142857143,1,69,80,58,25
"feedback",0.3,110,50,15,2.61930465698242,"ok",0.415730337078652,0.45679012345679,0.435294117647059,0.528571428571429,0,0.4,1,63,81,89,33
"hide_z",0,101,50,15,1.93386220932007,"ok",0.416666666666667,0.555555555555556,0.476190476190476,0.603448275862069,0,0.485436893203884,0.980952380952381,54,63,84,23
"hide_z",0,102,50,15,2.26997685432434,"ok",0.524390243902439,0.558441558441558,0.540880503144654,0.651515151515151,0,0.523809523809524,1,50,77,82,23
"hide_z",0,103,50,15,1.31610488891602,"ok",0.693877551020408,0.723404255319149,0.708333333333333,0.894736842105263,0,0.769230769230769,0.990476190476191,24,47,49,4
"hide_z",0,104,50,15,1.58623814582825,"ok",0.52,0.666666666666667,0.584269662921348,0.742857142857143,0,0.747572815533981,0.980952380952381,28,39,50,9
"hide_z",0,105,50,15,1.83656787872314,"ok",0.440677966101695,0.472727272727273,0.456140350877193,0.619047619047619,0,0.568627450980392,0.971428571428571,46,55,59,16
"hide_z",0,106,50,15,2.19400119781494,"ok",0.658823529411765,0.746666666666667,0.7,0.823529411764706,0,0.663461538461538,0.990476190476191,36,75,85,12
"hide_z",0,107,50,15,2.06775689125061,"ok",0.373134328358209,0.446428571428571,0.40650406504065,0.595238095238095,0,0.485148514851485,0.961904761904762,56,56,67,17
"hide_z",0,108,50,15,1.93867707252502,"ok",0.647058823529412,0.66,0.653465346534653,0.804878048780488,0,0.75,0.990476190476191,27,50,51,8
"hide_z",0,109,50,15,2.09290480613708,"ok",0.453333333333333,0.62962962962963,0.527131782945736,0.755555555555556,0,0.544554455445545,0.961904761904762,50,54,75,11
"hide_z",0,110,50,15,2.11134743690491,"ok",0.573333333333333,0.632352941176471,0.601398601398601,0.767857142857143,0,0.603960396039604,0.961904761904762,44,68,75,13
"hide_z",0.25,101,38,15,1.74798655509949,"ok",0.344827586206897,0.476190476190476,0.4,0.5,0,0.428571428571429,1,60,63,87,30
"hide_z",0.25,102,38,15,2.10175442695618,"ok",0.378048780487805,0.402597402597403,0.389937106918239,0.508196721311475,0,0.361904761904762,1,67,77,82,30
"hide_z",0.25,103,38,15,1.21873021125793,"ok",0.322033898305085,0.404255319148936,0.358490566037736,0.463414634146341,0,0.561904761904762,1,46,47,59,22
"hide_z",0.25,104,38,15,1.50852751731873,"ok",0.373333333333333,0.717948717948718,0.491228070175439,0.777777777777778,0,0.533980582524272,0.980952380952381,50,39,75,8
"hide_z",0.25,105,38,15,1.4727840423584,"ok",0.508474576271186,0.545454545454545,0.526315789473684,0.697674418604651,0,0.611650485436893,0.980952380952381,41,55,59,13
"hide_z",0.25,106,38,15,1.77848505973816,"ok",0.485294117647059,0.44,0.461538461538462,0.611111111111111,0,0.466019417475728,0.980952380952381,56,75,68,21
"hide_z",0.25,107,38,15,1.70752739906311,"ok",0.352941176470588,0.535714285714286,0.425531914893617,0.652173913043478,0,0.380952380952381,1,65,56,85,16
"hide_z",0.25,108,38,15,1.6112973690033,"ok",0.509090909090909,0.56,0.533333333333333,0.717948717948718,0,0.634615384615385,0.990476190476191,38,50,55,11
"hide_z",0.25,109,38,15,1.82792949676514,"ok",0.436619718309859,0.574074074074074,0.496,0.704545454545455,0,0.524271844660194,0.980952380952381,50,54,71,13
"hide_z",0.25,110,38,15,2.15928053855896,"ok",0.433734939759036,0.529411764705882,0.47682119205298,0.642857142857143,0,0.442307692307692,0.990476190476191,59,68,83,20
"hide_z",0.5,101,25,15,1.19183945655823,"ok",0.535211267605634,0.603174603174603,0.567164179104478,0.690909090909091,0,0.615384615384615,0.990476190476191,41,63,71,17
"hide_z",0.5,102,25,15,1.18195652961731,"ok",0.6,0.506493506493506,0.549295774647887,0.696428571428571,0,0.557692307692308,0.990476190476191,47,77,65,17
"hide_z",0.5,103,25,15,0.901985883712769,"ok",0.257575757575758,0.361702127659574,0.300884955752212,0.425,0,0.461538461538462,0.990476190476191,56,47,66,23
"hide_z",0.5,104,25,15,1.04518818855286,"ok",0.26865671641791,0.461538461538462,0.339622641509434,0.514285714285714,0,0.514851485148515,0.961904761904762,53,39,67,17
"hide_z",0.5,105,25,15,1.07383513450623,"ok",0.393939393939394,0.472727272727273,0.429752066115702,0.590909090909091,0,0.514285714285714,1,51,55,66,18
"hide_z",0.5,106,25,15,1.24343991279602,"ok",0.521276595744681,0.653333333333333,0.579881656804734,0.680555555555556,0,0.542857142857143,1,48,75,94,23
"hide_z",0.5,107,25,15,1.03007364273071,"ok",0.433333333333333,0.696428571428571,0.534246575342466,0.735849056603774,0,0.485714285714286,1,54,56,90,14
"hide_z",0.5,108,25,15,1.0802013874054,"ok",0.653846153846154,0.68,0.666666666666667,0.85,0,0.740384615384615,0.990476190476191,28,50,52,6
"hide_z",0.5,109,25,15,1.15653824806213,"ok",0.329545454545455,0.537037037037037,0.408450704225352,0.568627450980392,0,0.40952380952381,1,62,54,88,22
"hide_z",0.5,110,25,15,1.21595621109009,"ok",0.493827160493827,0.588235294117647,0.536912751677852,0.689655172413793,0,0.524271844660194,0.980952380952381,51,68,81,18
"hide_z",0.75,101,12,15,0.62093448638916,"ok",0.307692307692308,0.380952380952381,0.340425531914894,0.413793103448276,0,0.42,0.952380952380952,59,63,78,34
"hide_z",0.75,102,12,15,0.603723049163818,"ok",0.329268292682927,0.350649350649351,0.339622641509434,0.409090909090909,0,0.371428571428571,1,66,77,82,39
"hide_z",0.75,103,12,15,0.610677480697632,"ok",0.204545454545455,0.382978723404255,0.266666666666667,0.4,0,0.314285714285714,1,72,47,88,27
"hide_z",0.75,104,12,15,0.561287879943848,"ok",0.211111111111111,0.487179487179487,0.294573643410853,0.513513513513513,0,0.304761904761905,1,73,39,90,18
"hide_z",0.75,105,12,15,0.587228536605835,"ok",0.49438202247191,0.8,0.611111111111111,0.846153846153846,0,0.544554455445545,0.961904761904762,48,55,89,8
"hide_z",0.75,106,12,15,0.686994552612305,"ok",0.392857142857143,0.44,0.415094339622641,0.507692307692308,0,0.41747572815534,0.980952380952381,61,75,84,32
"hide_z",0.75,107,12,15,0.63349437713623,"ok",0.231707317073171,0.339285714285714,0.27536231884058,0.404255319148936,0,0.317307692307692,0.990476190476191,72,56,82,28
"hide_z",0.75,108,12,15,0.589073657989502,"ok",0.298850574712644,0.52,0.37956204379562,0.604651162790698,0,0.352380952380952,1,68,50,87,17
"hide_z",0.75,109,12,15,0.542541980743408,"ok",0.448717948717949,0.648148148148148,0.53030303030303,0.714285714285714,0,0.548076923076923,0.990476190476191,48,54,78,14
"hide_z",0.75,110,12,15,0.660031080245972,"ok",0.419753086419753,0.5,0.456375838926175,0.557377049180328,0,0.490384615384615,0.990476190476191,54,68,81,27
"hide_z",0.9,101,5,15,0.407160758972168,"ok",0.289855072463768,0.317460317460317,0.303030303030303,0.425531914893617,0,0.362637362637363,0.866666666666667,65,63,69,27
"hide_z",0.9,102,5,15,0.331219911575317,"ok",0.5,0.350649350649351,0.412213740458015,0.551020408163265,0,0.488888888888889,0.857142857142857,55,77,54,22
"hide_z",0.9,103,5,15,0.385993242263794,"ok",0.228915662650602,0.404255319148936,0.292307692307692,0.475,0,0.295918367346939,0.933333333333333,71,47,83,21
"hide_z",0.9,104,5,15,0.34504222869873,"ok",0.246913580246914,0.512820512820513,0.333333333333333,0.645161290322581,0,0.346938775510204,0.933333333333333,69,39,81,11
"hide_z",0.9,105,5,15,0.436609983444214,"ok",0.410958904109589,0.545454545454545,0.46875,0.769230769230769,0,0.451612903225806,0.885714285714286,59,55,73,9
"hide_z",0.9,106,5,15,0.424604654312134,"ok",0.438356164383562,0.426666666666667,0.432432432432432,0.571428571428571,0,0.438775510204082,0.933333333333333,60,75,73,24
"hide_z",0.9,107,5,15,0.351122617721558,"ok",0.253521126760563,0.321428571428571,0.283464566929134,0.428571428571429,0,0.351063829787234,0.895238095238095,67,56,71,24
"hide_z",0.9,108,5,15,0.434315204620361,"ok",0.340909090909091,0.3,0.319148936170213,0.535714285714286,0,0.461538461538462,0.742857142857143,51,50,44,13
"hide_z",0.9,109,5,15,0.30544900894165,"ok",0.2125,0.314814814814815,0.253731343283582,0.395348837209302,0,0.285714285714286,0.933333333333333,74,54,80,26
"hide_z",0.9,110,5,15,0.406210422515869,"ok",0.3,0.308823529411765,0.304347826086956,0.428571428571429,0,0.372340425531915,0.895238095238095,68,68,70,28
"z_as_x",0,101,50,15,1.99709391593933,"ok",0.416666666666667,0.555555555555556,0.476190476190476,0.603448275862069,0,0.485436893203884,0.980952380952381,54,63,84,23
"z_as_x",0,102,50,15,2.58114194869995,"ok",0.524390243902439,0.558441558441558,0.540880503144654,0.651515151515151,0,0.523809523809524,1,50,77,82,23
"z_as_x",0,103,50,15,1.30456709861755,"ok",0.693877551020408,0.723404255319149,0.708333333333333,0.894736842105263,0,0.769230769230769,0.990476190476191,24,47,49,4
"z_as_x",0,104,50,15,1.59665775299072,"ok",0.52,0.666666666666667,0.584269662921348,0.742857142857143,0,0.747572815533981,0.980952380952381,28,39,50,9
"z_as_x",0,105,50,15,1.69060087203979,"ok",0.440677966101695,0.472727272727273,0.456140350877193,0.619047619047619,0,0.568627450980392,0.971428571428571,46,55,59,16
"z_as_x",0,106,50,15,2.18718099594116,"ok",0.658823529411765,0.746666666666667,0.7,0.823529411764706,0,0.663461538461538,0.990476190476191,36,75,85,12
"z_as_x",0,107,50,15,1.92015838623047,"ok",0.373134328358209,0.446428571428571,0.40650406504065,0.595238095238095,0,0.485148514851485,0.961904761904762,56,56,67,17
"z_as_x",0,108,50,15,2.14402914047241,"ok",0.647058823529412,0.66,0.653465346534653,0.804878048780488,0,0.75,0.990476190476191,27,50,51,8
"z_as_x",0,109,50,15,2.26699590682983,"ok",0.453333333333333,0.62962962962963,0.527131782945736,0.755555555555556,0,0.544554455445545,0.961904761904762,50,54,75,11
"z_as_x",0,110,50,15,2.25368094444275,"ok",0.573333333333333,0.632352941176471,0.601398601398601,0.767857142857143,0,0.603960396039604,0.961904761904762,44,68,75,13
"z_as_x",0.05,101,48,17,2.38105726242065,"ok",0.506329113924051,0.43010752688172,0.465116279069767,0.666666666666667,0,0.470149253731343,0.985294117647059,72,93,79,20
"z_as_x",0.05,102,48,17,2.10708141326904,"ok",0.7,0.510416666666667,0.590361445783132,0.765625,0,0.614814814814815,0.992647058823529,53,96,70,15
"z_as_x",0.05,103,48,17,1.75331854820251,"ok",0.660714285714286,0.552238805970149,0.601626016260163,0.880952380952381,0,0.67910447761194,0.985294117647059,44,67,56,5
"z_as_x",0.05,104,48,17,2.0882556438446,"ok",0.590163934426229,0.521739130434783,0.553846153846154,0.837209302325581,0,0.646153846153846,0.955882352941177,51,69,61,7
"z_as_x",0.05,105,48,17,2.11553478240967,"ok",0.446808510638298,0.552631578947368,0.494117647058824,0.763636363636364,0,0.459259259259259,0.992647058823529,73,76,94,13
"z_as_x",0.05,106,48,17,2.8988893032074,"ok",0.597560975609756,0.462264150943396,0.521276595744681,0.7,0,0.5,0.985294117647059,69,106,82,21
"z_as_x",0.05,107,48,17,2.47334694862366,"ok",0.483870967741935,0.542168674698795,0.511363636363636,0.703125,0,0.507462686567164,0.985294117647059,67,83,93,19
"z_as_x",0.05,108,48,17,2.20090079307556,"ok",0.516483516483517,0.652777777777778,0.576687116564417,0.810344827586207,0,0.577777777777778,0.992647058823529,58,72,91,11
"z_as_x",0.05,109,48,17,1.93880033493042,"ok",0.571428571428571,0.470588235294118,0.516129032258065,0.8,0,0.522727272727273,0.970588235294118,65,85,70,10
"z_as_x",0.05,110,48,17,2.4090461730957,"ok",0.566037735849057,0.606060606060606,0.585365853658537,0.75,0,0.522058823529412,1,65,99,106,20
"z_as_x",0.1,101,45,20,2.7507472038269,"ok",0.577586206896552,0.468531468531469,0.517374517374517,0.788235294117647,0,0.433862433862434,0.994736842105263,107,143,116,18
"z_as_x",0.1,102,45,20,2.75005149841309,"ok",0.544444444444444,0.337931034482759,0.417021276595745,0.653333333333333,0,0.415789473684211,1,111,145,90,26
"z_as_x",0.1,103,45,20,2.0892128944397,"ok",0.523809523809524,0.555555555555556,0.53921568627451,0.733333333333333,0,0.610526315789474,1,74,99,105,20
"z_as_x",0.1,104,45,20,2.81913995742798,"ok",0.387931034482759,0.391304347826087,0.38961038961039,0.548780487804878,0,0.464864864864865,0.973684210526316,104,115,116,37
"z_as_x",0.1,105,45,20,2.82982635498047,"ok",0.564516129032258,0.583333333333333,0.573770491803279,0.823529411764706,0,0.534391534391534,0.994736842105263,89,120,124,15
"z_as_x",0.1,106,45,20,3.47739553451538,"ok",0.590551181102362,0.474683544303797,0.526315789473684,0.669642857142857,0,0.484042553191489,0.989473684210526,98,158,127,37
"z_as_x",0.1,107,45,20,2.84323382377625,"ok",0.466101694915254,0.413533834586466,0.438247011952191,0.611111111111111,0,0.446808510638298,0.989473684210526,106,133,118,35
"z_as_x",0.1,108,45,20,2.33011221885681,"ok",0.728813559322034,0.352459016393443,0.475138121546961,0.843137254901961,0,0.548387096774194,0.978947368421053,87,122,59,8
"z_as_x",0.1,109,45,20,2.51422643661499,"ok",0.402298850574713,0.255474452554745,0.3125,0.625,0,0.297872340425532,0.989473684210526,133,137,87,21
"z_as_x",0.1,110,45,20,3.04661393165588,"ok",0.776978417266187,0.72,0.747404844290657,0.892561983471074,0,0.695187165775401,0.984210526315789,60,150,139,13
"z_as_x",0.2,101,40,25,3.54252243041992,"ok",0.593406593406593,0.475770925110132,0.528117359413203,0.755244755244755,0,0.469798657718121,0.993333333333333,158,227,182,35
"z_as_x",0.2,102,40,25,3.35708475112915,"ok",0.601449275362319,0.34156378600823,0.435695538057743,0.691666666666667,0,0.404682274247492,0.996666666666667,178,243,138,37
"z_as_x",0.2,103,40,25,3.46191215515137,"ok",0.564814814814815,0.659459459459459,0.608478802992519,0.829931972789116,0,0.56,1,132,185,216,25
"z_as_x",0.2,104,40,25,3.44373393058777,"ok",0.572368421052632,0.430693069306931,0.491525423728814,0.790909090909091,0,0.479865771812081,0.993333333333333,157,202,152,23
"z_as_x",0.2,105,40,25,3.69862604141235,"ok",0.666666666666667,0.621004566210046,0.643026004728132,0.839506172839506,0,0.583892617449664,0.993333333333333,125,219,204,26
"z_as_x",0.2,106,40,25,4.52180361747742,"ok",0.648760330578512,0.618110236220472,0.633064516129032,0.751196172248804,0,0.568561872909699,0.996666666666667,130,254,242,52
"z_as_x",0.2,107,40,25,4.29226088523865,"ok",0.635087719298246,0.808035714285714,0.711198428290766,0.841860465116279,0,0.623333333333333,1,113,224,285,34
"z_as_x",0.2,108,40,25,3.76338315010071,"ok",0.7,0.548387096774194,0.614987080103359,0.838028169014085,0,0.585034013605442,0.98,126,217,170,23
"z_as_x",0.2,109,40,25,3.70246863365173,"ok",0.743455497382199,0.631111111111111,0.682692307692308,0.860606060606061,0,0.638795986622074,0.996666666666667,109,225,191,23
"z_as_x",0.2,110,40,25,4.69752836227417,"ok",0.474137931034483,0.488888888888889,0.481400437636761,0.650887573964497,0,0.406666666666667,1,178,225,232,59
"z_as_x",0.3,101,35,30,4.9206817150116,"ok",0.61993769470405,0.588757396449704,0.603945371775417,0.77734375,0,0.531034482758621,1,204,338,321,57
"z_as_x",0.3,102,35,30,4.52368402481079,"ok",0.625407166123778,0.53781512605042,0.578313253012048,0.719101123595506,0,0.531177829099307,0.995402298850575,205,357,307,75
"z_as_x",0.3,103,35,30,5.20669150352478,"ok",0.615168539325843,0.73,0.667682926829268,0.817164179104478,0,0.612903225806452,0.997701149425287,169,300,356,49
"z_as_x",0.3,104,35,30,4.75020170211792,"ok",0.478571428571429,0.409785932721713,0.441515650741351,0.603603603603604,0,0.424942263279446,0.995402298850575,251,327,280,88
"z_as_x",0.3,105,35,30,4.87916707992554,"ok",0.583038869257951,0.486725663716814,0.530546623794212,0.711206896551724,0,0.483870967741935,0.997701149425287,225,339,283,67
"z_as_x",0.3,106,35,30,5.68677043914795,"ok",0.725130890052356,0.732804232804233,0.728947368421053,0.817109144542773,0,0.668965517241379,1,144,378,382,62
"z_as_x",0.3,107,35,30,5.49878120422363,"ok",0.674157303370786,0.707964601769911,0.690647482014388,0.821917808219178,0,0.626728110599078,0.997701149425287,163,339,356,52
"z_as_x",0.3,108,35,30,5.33975219726562,"ok",0.590659340659341,0.632352941176471,0.610795454545454,0.733788395904437,0,0.550691244239631,0.997701149425287,196,340,364,78
"z_as_x",0.3,109,35,30,4.5952525138855,"ok",0.664615384615385,0.603351955307263,0.632503660322108,0.776978417266187,0,0.566820276497696,0.997701149425287,189,358,325,62
"z_as_x",0.3,110,35,30,4.84823179244995,"ok",0.452574525745257,0.479885057471264,0.465829846582985,0.568027210884354,0,0.412442396313364,0.997701149425287,256,348,369,127
