"type","level","method","dir_precision_mean","dir_precision_se","dir_precision_n","dir_recall_mean","dir_recall_se","dir_recall_n","dir_f1_mean","dir_f1_se","dir_f1_n","orient_acc_mean","orient_acc_se","orient_acc_n","coverage_mean","coverage_se","coverage_n","shd_mean","shd_se","shd_n"
"x_as_z",0,"ASCEND",0.530129577565726,0.0350350122915189,10,0.609187311761154,0.0315083181353872,10,0.565431412238665,0.0325173709177278,10,0.725866328558323,0.0326972298776894,10,0.979047619047619,0.00444444444444444,10,41.5,3.7512960723225,10
"x_as_z",0.05,"ASCEND",0.477327094830861,0.0330978904239995,10,0.561057101728287,0.0346897561705488,10,0.51021411379122,0.0310164466065577,10,0.680847913830731,0.0330761670359989,10,0.987912087912088,0.0041603724145057,10,40.8,3.07245829914744,10
"x_as_z",0.1,"ASCEND",0.470405124008084,0.0542760438597779,10,0.538281956059317,0.0445838662528421,10,0.493627242933194,0.0454124873468572,10,0.679133036954557,0.0559527559147052,10,0.983333333333333,0.00507450516540082,10,37.3,3.00388637157489,10
"x_as_z",0.2,"ASCEND",0.471576986697462,0.0526779919504347,10,0.529172984301027,0.0392723569981629,10,0.491575486558798,0.043229712148603,10,0.667880068771825,0.0488235336688815,10,0.983333333333333,0.00527288207520734,10,31.7,2.91376045686669,10
"x_as_z",0.3,"ASCEND",0.485045048061443,0.0498999805186292,10,0.511057692307692,0.0254301361876497,10,0.489281619991658,0.0318241318402535,10,0.6662577720037,0.0424980070417302,10,0.985454545454545,0.00593815695220164,10,25.1,1.37800177390629,10
"feedback",0,"ASCEND",0.530129577565726,0.0350350122915189,10,0.609187311761154,0.0315083181353872,10,0.565431412238665,0.0325173709177278,10,0.725866328558323,0.0326972298776894,10,0.979047619047619,0.00444444444444444,10,41.5,3.7512960723225,10
"feedback",0.05,"ASCEND",0.497592189569094,0.0357332515549255,10,0.540675618955795,0.026133390019956,10,0.514911386504954,0.0268701257010544,10,0.671662770964865,0.0334022838425979,10,0.989523809523809,0.00520673633868468,10,48.5,4.25114363697843,10
"feedback",0.1,"ASCEND",0.480266551183235,0.0380651047192049,10,0.493757563786578,0.0271363155124513,10,0.484283654482043,0.030778248355211,10,0.639408263056727,0.0391200518893416,10,0.994285714285714,0.00210579351768597,10,53.8,2.73577127049109,10
"feedback",0.2,"ASCEND",0.482459594410849,0.0278386832117317,10,0.383459293966132,0.0373505081432005,10,0.423095035032568,0.0316966276277772,10,0.570809015730983,0.0354754444232092,10,0.991428571428571,0.00263702344854543,10,58.4,2.91051732705908,10
"feedback",0.3,"ASCEND",0.49448810195918,0.0248231585950905,10,0.444415680758028,0.0300386900011903,10,0.465337431022569,0.0257891394046869,10,0.602778856440224,0.0299186234638851,10,0.999047619047619,0.000952380952380949,10,59.1,2.49198715887542,10
"hide_z",0,"ASCEND",0.530129577565726,0.0350350122915189,10,0.609187311761154,0.0315083181353872,10,0.565431412238665,0.0325173709177278,10,0.725866328558323,0.0326972298776894,10,0.979047619047619,0.00444444444444444,10,41.5,3.7512960723225,10
"hide_z",0.25,"ASCEND",0.414439903588176,0.022077337978716,10,0.518564658583432,0.0298459056838405,10,0.455919643442349,0.018905203107733,10,0.627569989134615,0.0333585824828743,10,0.990476190476191,0.00283945139999974,10,53.2,3.1084115271666,10
"hide_z",0.5,"ASCEND",0.448721183350215,0.0429652800869742,10,0.556067020751001,0.0340349417381261,10,0.491287797184678,0.0367514255715615,10,0.644221970308598,0.0383736222344161,10,0.990476190476191,0.00375624113212674,10,49.1,2.93806436658937,10
"hide_z",0.75,"ASCEND",0.333888525828437,0.0323134215113686,10,0.484919380461934,0.0459273582668334,10,0.3909097166101,0.0359267497755082,10,0.537081292530453,0.0472980554007383,10,0.986666666666667,0.0053499363639215,10,62.1,3.0530494773441,10
"hide_z",0.9,"ASCEND",0.322192960152409,0.030910838036521,10,0.380237362785548,0.0282253851855896,10,0.340276017403166,0.0226971655997111,10,0.522557893410525,0.0372343178074215,10,0.887619047619048,0.0185000663928044,10,63.9,2.33547520741378,10
"z_as_x",0,"ASCEND",0.530129577565726,0.0350350122915189,10,0.609187311761154,0.0315083181353872,10,0.565431412238665,0.0325173709177278,10,0.725866328558323,0.0326972298776894,10,0.979047619047619,0.00444444444444444,10,41.5,3.7512960723225,10
"z_as_x",0.05,"ASCEND",0.56393976118157,0.0248233979363234,10,0.530099315367538,0.0212295620681472,10,0.541588977660738,0.0146657977165492,10,0.76775595411672,0.0210329235954116,10,0.984558823529412,0.00401990673207273,10,61.7,3.08058436014987,10
"z_as_x",0.1,"ASCEND",0.556303104184609,0.0396582658810608,10,0.455280658756765,0.0430996826658465,10,0.493659812892193,0.0376298723749836,10,0.71886650669809,0.0361567488115634,10,0.989473684210526,0.00271788304997011,10,96.9,6.48493981810506,10
"z_as_x",0.2,"ASCEND",0.620014724959646,0.0241557642374782,10,0.562302485337518,0.0421949023560563,10,0.583018589877264,0.0293553113517059,10,0.784983709939886,0.0224873847720976,10,0.995,0.00187577144623713,10,140.6,8.00860648164072,10
"z_as_x",0.3,"ASCEND",0.602926114242618,0.0265358852225783,10,0.590944290746779,0.0355691236178481,10,0.595072763803829,0.0295868200870891,10,0.734624052967224,0.0280013126612414,10,0.997701149425287,0.000484640254431933,10,200.2,11.5496993707869,10
